COUNTRIES,Number of Records,Year,Vehicles Sold,REGIONS
AUSTRIA,1,2005,307915,EUROPE
BELGIUM,1,2005,480088,EUROPE
DENMARK,1,2005,148819,EUROPE
FINLAND,1,2005,148161,EUROPE
FRANCE,1,2005,2118042,EUROPE
GERMANY,1,2005,3319259,EUROPE
GREECE,1,2005,269728,EUROPE
ICELAND,1,2005,18060,EUROPE
IRELAND,1,2005,171742,EUROPE
ITALY,1,2005,2244108,EUROPE
LUXEMBOURG,1,2005,48517,EUROPE
NETHERLANDS,1,2005,465196,EUROPE
NORWAY,1,2005,109907,EUROPE
PORTUGAL,1,2005,206488,EUROPE
SPAIN,1,2005,1528877,EUROPE
SWEDEN,1,2005,274301,EUROPE
SWITZERLAND (+FL),1,2005,266770,EUROPE
UNITED KINGDOM,1,2005,2439717,EUROPE
BULGARIA*,1,2005,25956,EUROPE NEW MEMBERS
CROATIA,1,2005,70541,EUROPE NEW MEMBERS
CYPRUS,1,2005,17687,EUROPE NEW MEMBERS
CZECH REPUBLIC,1,2005,151699,EUROPE NEW MEMBERS
ESTONIA,1,2005,19640,EUROPE NEW MEMBERS
HUNGARY,1,2005,198982,EUROPE NEW MEMBERS
LATVIA,1,2005,10467,EUROPE NEW MEMBERS
LITHUANIA,1,2005,16602,EUROPE NEW MEMBERS
MALTA,1,2005,6552,EUROPE NEW MEMBERS
POLAND,1,2005,207007,EUROPE NEW MEMBERS
ROMANIA,1,2005,214967,EUROPE NEW MEMBERS
SLOVAKIA,1,2005,56916,EUROPE NEW MEMBERS
SLOVENIA,1,2005,59324,EUROPE NEW MEMBERS
ALBANIA,1,2005,800,"RUSSIA, TURKEY & OTHER EUROPE"
ARMENIA,1,2005,11000,"RUSSIA, TURKEY & OTHER EUROPE"
BELARUS,1,2005,9000,"RUSSIA, TURKEY & OTHER EUROPE"
BOSNIA,1,2005,10000,"RUSSIA, TURKEY & OTHER EUROPE"
GEORGIA,1,2005,1500,"RUSSIA, TURKEY & OTHER EUROPE"
MACEDONIA,1,2005,9300,"RUSSIA, TURKEY & OTHER EUROPE"
MOLDAVIA,1,2005,4000,"RUSSIA, TURKEY & OTHER EUROPE"
RUSSIA,1,2005,1520225,"RUSSIA, TURKEY & OTHER EUROPE"
SERBIA,1,2005,21603,"RUSSIA, TURKEY & OTHER EUROPE"
TURKEY,1,2005,438597,"RUSSIA, TURKEY & OTHER EUROPE"
UKRAINE,1,2005,258395,"RUSSIA, TURKEY & OTHER EUROPE"
CANADA,1,2005,847436,NAFTA
MEXICO,1,2005,714010,NAFTA
UNITED STATES OF AMERICA,1,2005,7659983,NAFTA
ARGENTINA,1,2005,290648,CENTRAL & SOUTH AMERICA
BAHAMAS,1,2005,2500,CENTRAL & SOUTH AMERICA
BELIZE,1,2005,100,CENTRAL & SOUTH AMERICA
BOLIVIA,1,2005,1000,CENTRAL & SOUTH AMERICA
BRAZIL,1,2005,1369182,CENTRAL & SOUTH AMERICA
CHILE,1,2005,140000,CENTRAL & SOUTH AMERICA
COLOMBIA,1,2005,120000,CENTRAL & SOUTH AMERICA
COSTA RICA,1,2005,13000,CENTRAL & SOUTH AMERICA
CUBA,1,2005,2000,CENTRAL & SOUTH AMERICA
DOMINICAN REPUBLIC,1,2005,16000,CENTRAL & SOUTH AMERICA
ECUADOR,1,2005,54342,CENTRAL & SOUTH AMERICA
EL SALVADOR,1,2005,4000,CENTRAL & SOUTH AMERICA
GUADELOUPE,1,2005,14359,CENTRAL & SOUTH AMERICA
GUATEMALA,1,2005,8100,CENTRAL & SOUTH AMERICA
GUYANA,1,2005,4085,CENTRAL & SOUTH AMERICA
HONDURAS,1,2005,4800,CENTRAL & SOUTH AMERICA
JAMAICA,1,2005,3000,CENTRAL & SOUTH AMERICA
MARTINIQUE,1,2005,14749,CENTRAL & SOUTH AMERICA
NICARAGUA,1,2005,3000,CENTRAL & SOUTH AMERICA
PANAMA,1,2005,10000,CENTRAL & SOUTH AMERICA
PARAGUAY,1,2005,3000,CENTRAL & SOUTH AMERICA
PERU,1,2005,14231,CENTRAL & SOUTH AMERICA
PUERTO RICO,1,2005,96000,CENTRAL & SOUTH AMERICA
TRINIDAD,1,2005,10000,CENTRAL & SOUTH AMERICA
URUGUAY,1,2005,10000,CENTRAL & SOUTH AMERICA
VENEZUELA,1,2005,128601,CENTRAL & SOUTH AMERICA
AUSTRALIA,1,2005,608804,ASIA/OCEANIA/MIDDLE EAST
AZERBAIDJAN,1,2005,12100,ASIA/OCEANIA/MIDDLE EAST
BAHRAIN,1,2005,18000,ASIA/OCEANIA/MIDDLE EAST
BANGLADESH,1,2005,6500,ASIA/OCEANIA/MIDDLE EAST
BRUNEI,1,2005,15000,ASIA/OCEANIA/MIDDLE EAST
CAMBODGE,1,2005,1000,ASIA/OCEANIA/MIDDLE EAST
CHINA,1,2005,3971101,ASIA/OCEANIA/MIDDLE EAST
HONG-KONG,1,2005,27483,ASIA/OCEANIA/MIDDLE EAST
INDIA,1,2005,1106863,ASIA/OCEANIA/MIDDLE EAST
INDONESIA,1,2005,364319,ASIA/OCEANIA/MIDDLE EAST
IRAK,1,2005,2000,ASIA/OCEANIA/MIDDLE EAST
IRAN,1,2005,730000,ASIA/OCEANIA/MIDDLE EAST
ISRAEL,1,2005,130000,ASIA/OCEANIA/MIDDLE EAST
JAPAN,1,2005,4748482,ASIA/OCEANIA/MIDDLE EAST
JORDAN,1,2005,10000,ASIA/OCEANIA/MIDDLE EAST
KAZAKSTAN,1,2005,39800,ASIA/OCEANIA/MIDDLE EAST
KIRGHIZISTAN,1,2005,5000,ASIA/OCEANIA/MIDDLE EAST
KUWAIT,1,2005,50000,ASIA/OCEANIA/MIDDLE EAST
LAOS,1,2005,1000,ASIA/OCEANIA/MIDDLE EAST
LEBANON,1,2005,15000,ASIA/OCEANIA/MIDDLE EAST
MALAYSIA,1,2005,410892,ASIA/OCEANIA/MIDDLE EAST
MONGOLIA,1,2005,500,ASIA/OCEANIA/MIDDLE EAST
MYANMAR,1,2005,1000,ASIA/OCEANIA/MIDDLE EAST
NEPAL,1,2005,1000,ASIA/OCEANIA/MIDDLE EAST
NEW CALEDONIA,1,2005,7397,ASIA/OCEANIA/MIDDLE EAST
NEW ZEALAND,1,2005,77825,ASIA/OCEANIA/MIDDLE EAST
OMAN,1,2005,148100,ASIA/OCEANIA/MIDDLE EAST
PAKISTAN,1,2005,141326,ASIA/OCEANIA/MIDDLE EAST
PALESTINE,1,2005,13500,ASIA/OCEANIA/MIDDLE EAST
PHILIPPINES,1,2005,35063,ASIA/OCEANIA/MIDDLE EAST
QATAR,1,2005,61200,ASIA/OCEANIA/MIDDLE EAST
SAUDI ARABIA,1,2005,408700,ASIA/OCEANIA/MIDDLE EAST
SINGAPORE,1,2005,109167,ASIA/OCEANIA/MIDDLE EAST
SOUTH KOREA,1,2005,893159,ASIA/OCEANIA/MIDDLE EAST
SRI LANKA,1,2005,2600,ASIA/OCEANIA/MIDDLE EAST
SYRIA,1,2005,32985,ASIA/OCEANIA/MIDDLE EAST
TADJIKISTAN,1,2005,5300,ASIA/OCEANIA/MIDDLE EAST
TAHITI,1,2005,5200,ASIA/OCEANIA/MIDDLE EAST
TAIWAN,1,2005,325840,ASIA/OCEANIA/MIDDLE EAST
THAILAND,1,2005,178291,ASIA/OCEANIA/MIDDLE EAST
TUKMENISTAN,1,2005,3900,ASIA/OCEANIA/MIDDLE EAST
UNITED ARAB EMIRATES,1,2005,137000,ASIA/OCEANIA/MIDDLE EAST
UZBEKISTAN,1,2005,28500,ASIA/OCEANIA/MIDDLE EAST
VIETNAM,1,2005,24888,ASIA/OCEANIA/MIDDLE EAST
YEMEN,1,2005,4000,ASIA/OCEANIA/MIDDLE EAST
ALGERIA,1,2005,71046,AFRICA
ANGOLA,1,2005,6000,AFRICA
BOTSWANA,1,2005,12905,AFRICA
BURKINA,1,2005,500,AFRICA
BURUNDI,1,2005,500,AFRICA
CAMEROON,1,2005,1300,AFRICA
CONGO,1,2005,200,AFRICA
EGYPT,1,2005,94538,AFRICA
GABON,1,2005,800,AFRICA
GHANA,1,2005,2500,AFRICA
IVORY COAST,1,2005,2000,AFRICA
KENYA,1,2005,2000,AFRICA
LIBERIA,1,2005,300,AFRICA
LIBYA,1,2005,35000,AFRICA
MADAGASCAR,1,2005,930,AFRICA
MALAWI,1,2005,930,AFRICA
MAURITIUS,1,2005,2900,AFRICA
MOROCCO,1,2005,56183,AFRICA
NIGERIA,1,2005,16000,AFRICA
REUNION,1,2005,25142,AFRICA
SENEGAL,1,2005,3000,AFRICA
SOUTH AFRICA,1,2005,419868,AFRICA
SUDAN,1,2005,2000,AFRICA
TANZANIA,1,2005,2000,AFRICA
TUNISIA,1,2005,25000,AFRICA
UGANDA,1,2005,3000,AFRICA
ZAMBIA,1,2005,2300,AFRICA
ZIMBABWE,1,2005,7000,AFRICA
AUSTRIA,1,2006,308594,EUROPE
BELGIUM,1,2006,526141,EUROPE
DENMARK,1,2006,156936,EUROPE
FINLAND,1,2006,145700,EUROPE
FRANCE,1,2006,2045745,EUROPE
GERMANY,1,2006,3467961,EUROPE
GREECE,1,2006,267669,EUROPE
ICELAND,1,2006,17129,EUROPE
IRELAND,1,2006,178484,EUROPE
ITALY,1,2006,2335462,EUROPE
LUXEMBOURG,1,2006,50837,EUROPE
NETHERLANDS,1,2006,483999,EUROPE
NORWAY,1,2006,109164,EUROPE
PORTUGAL,1,2006,194702,EUROPE
SPAIN,1,2006,1634608,EUROPE
SWEDEN,1,2006,282766,EUROPE
SWITZERLAND (+FL),1,2006,269421,EUROPE
UNITED KINGDOM,1,2006,2344864,EUROPE
BULGARIA*,1,2006,36455,EUROPE NEW MEMBERS
CROATIA,1,2006,78775,EUROPE NEW MEMBERS
CYPRUS,1,2006,18639,EUROPE NEW MEMBERS
CZECH REPUBLIC,1,2006,156686,EUROPE NEW MEMBERS
ESTONIA,1,2006,25363,EUROPE NEW MEMBERS
HUNGARY,1,2006,187676,EUROPE NEW MEMBERS
LATVIA,1,2006,14234,EUROPE NEW MEMBERS
LITHUANIA,1,2006,25582,EUROPE NEW MEMBERS
MALTA,1,2006,6745,EUROPE NEW MEMBERS
POLAND,1,2006,224728,EUROPE NEW MEMBERS
ROMANIA,1,2006,247411,EUROPE NEW MEMBERS
SLOVAKIA,1,2006,59084,EUROPE NEW MEMBERS
SLOVENIA,1,2006,59578,EUROPE NEW MEMBERS
ALBANIA,1,2006,800,"RUSSIA, TURKEY & OTHER EUROPE"
ARMENIA,1,2006,12000,"RUSSIA, TURKEY & OTHER EUROPE"
BELARUS,1,2006,13000,"RUSSIA, TURKEY & OTHER EUROPE"
BOSNIA,1,2006,10000,"RUSSIA, TURKEY & OTHER EUROPE"
GEORGIA,1,2006,2000,"RUSSIA, TURKEY & OTHER EUROPE"
MACEDONIA,1,2006,10000,"RUSSIA, TURKEY & OTHER EUROPE"
MOLDAVIA,1,2006,5000,"RUSSIA, TURKEY & OTHER EUROPE"
RUSSIA,1,2006,1911240,"RUSSIA, TURKEY & OTHER EUROPE"
SERBIA,1,2006,25610,"RUSSIA, TURKEY & OTHER EUROPE"
TURKEY,1,2006,373219,"RUSSIA, TURKEY & OTHER EUROPE"
UKRAINE,1,2006,361549,"RUSSIA, TURKEY & OTHER EUROPE"
CANADA,1,2006,858826,NAFTA
MEXICO,1,2006,680946,NAFTA
UNITED STATES OF AMERICA,1,2006,7761592,NAFTA
ARGENTINA,1,2006,336296,CENTRAL & SOUTH AMERICA
BAHAMAS,1,2006,2000,CENTRAL & SOUTH AMERICA
BELIZE,1,2006,200,CENTRAL & SOUTH AMERICA
BOLIVIA,1,2006,1500,CENTRAL & SOUTH AMERICA
BRAZIL,1,2006,1556220,CENTRAL & SOUTH AMERICA
CHILE,1,2006,140000,CENTRAL & SOUTH AMERICA
COLOMBIA,1,2006,160000,CENTRAL & SOUTH AMERICA
COSTA RICA,1,2006,15000,CENTRAL & SOUTH AMERICA
CUBA,1,2006,2000,CENTRAL & SOUTH AMERICA
DOMINICAN REPUBLIC,1,2006,16000,CENTRAL & SOUTH AMERICA
ECUADOR,1,2006,58900,CENTRAL & SOUTH AMERICA
EL SALVADOR,1,2006,6000,CENTRAL & SOUTH AMERICA
GUADELOUPE,1,2006,13562,CENTRAL & SOUTH AMERICA
GUATEMALA,1,2006,9400,CENTRAL & SOUTH AMERICA
GUYANA,1,2006,4071,CENTRAL & SOUTH AMERICA
HONDURAS,1,2006,5600,CENTRAL & SOUTH AMERICA
JAMAICA,1,2006,3000,CENTRAL & SOUTH AMERICA
MARTINIQUE,1,2006,14132,CENTRAL & SOUTH AMERICA
NICARAGUA,1,2006,6000,CENTRAL & SOUTH AMERICA
PANAMA,1,2006,15000,CENTRAL & SOUTH AMERICA
PARAGUAY,1,2006,5000,CENTRAL & SOUTH AMERICA
PERU,1,2006,20061,CENTRAL & SOUTH AMERICA
PUERTO RICO,1,2006,85000,CENTRAL & SOUTH AMERICA
TRINIDAD,1,2006,10000,CENTRAL & SOUTH AMERICA
URUGUAY,1,2006,10000,CENTRAL & SOUTH AMERICA
VENEZUELA,1,2006,184108,CENTRAL & SOUTH AMERICA
AUSTRALIA,1,2006,598394,ASIA/OCEANIA/MIDDLE EAST
AZERBAIDJAN,1,2006,13000,ASIA/OCEANIA/MIDDLE EAST
BAHRAIN,1,2006,18000,ASIA/OCEANIA/MIDDLE EAST
BANGLADESH,1,2006,9000,ASIA/OCEANIA/MIDDLE EAST
BRUNEI,1,2006,15000,ASIA/OCEANIA/MIDDLE EAST
CAMBODGE,1,2006,1000,ASIA/OCEANIA/MIDDLE EAST
CHINA,1,2006,5175961,ASIA/OCEANIA/MIDDLE EAST
HONG-KONG,1,2006,27877,ASIA/OCEANIA/MIDDLE EAST
INDIA,1,2006,1311373,ASIA/OCEANIA/MIDDLE EAST
INDONESIA,1,2006,222387,ASIA/OCEANIA/MIDDLE EAST
IRAK,1,2006,5000,ASIA/OCEANIA/MIDDLE EAST
IRAN,1,2006,850000,ASIA/OCEANIA/MIDDLE EAST
ISRAEL,1,2006,130000,ASIA/OCEANIA/MIDDLE EAST
JAPAN,1,2006,4612318,ASIA/OCEANIA/MIDDLE EAST
JORDAN,1,2006,5000,ASIA/OCEANIA/MIDDLE EAST
KAZAKSTAN,1,2006,39100,ASIA/OCEANIA/MIDDLE EAST
KIRGHIZISTAN,1,2006,5000,ASIA/OCEANIA/MIDDLE EAST
KUWAIT,1,2006,65000,ASIA/OCEANIA/MIDDLE EAST
LAOS,1,2006,1000,ASIA/OCEANIA/MIDDLE EAST
LEBANON,1,2006,15000,ASIA/OCEANIA/MIDDLE EAST
MALAYSIA,1,2006,374169,ASIA/OCEANIA/MIDDLE EAST
MONGOLIA,1,2006,500,ASIA/OCEANIA/MIDDLE EAST
MYANMAR,1,2006,1000,ASIA/OCEANIA/MIDDLE EAST
NEPAL,1,2006,1000,ASIA/OCEANIA/MIDDLE EAST
NEW CALEDONIA,1,2006,7251,ASIA/OCEANIA/MIDDLE EAST
NEW ZEALAND,1,2006,76804,ASIA/OCEANIA/MIDDLE EAST
OMAN,1,2006,145400,ASIA/OCEANIA/MIDDLE EAST
PAKISTAN,1,2006,160256,ASIA/OCEANIA/MIDDLE EAST
PALESTINE,1,2006,15700,ASIA/OCEANIA/MIDDLE EAST
PHILIPPINES,1,2006,38131,ASIA/OCEANIA/MIDDLE EAST
QATAR,1,2006,60100,ASIA/OCEANIA/MIDDLE EAST
SAUDI ARABIA,1,2006,401100,ASIA/OCEANIA/MIDDLE EAST
SINGAPORE,1,2006,116849,ASIA/OCEANIA/MIDDLE EAST
SOUTH KOREA,1,2006,932650,ASIA/OCEANIA/MIDDLE EAST
SRI LANKA,1,2006,2800,ASIA/OCEANIA/MIDDLE EAST
SYRIA,1,2006,45467,ASIA/OCEANIA/MIDDLE EAST
TADJIKISTAN,1,2006,5700,ASIA/OCEANIA/MIDDLE EAST
TAHITI,1,2006,5100,ASIA/OCEANIA/MIDDLE EAST
TAIWAN,1,2006,218610,ASIA/OCEANIA/MIDDLE EAST
THAILAND,1,2006,184544,ASIA/OCEANIA/MIDDLE EAST
TUKMENISTAN,1,2006,4200,ASIA/OCEANIA/MIDDLE EAST
UNITED ARAB EMIRATES,1,2006,150000,ASIA/OCEANIA/MIDDLE EAST
UZBEKISTAN,1,2006,31100,ASIA/OCEANIA/MIDDLE EAST
VIETNAM,1,2006,23335,ASIA/OCEANIA/MIDDLE EAST
YEMEN,1,2006,4700,ASIA/OCEANIA/MIDDLE EAST
ALGERIA,1,2006,81803,AFRICA
ANGOLA,1,2006,8000,AFRICA
BOTSWANA,1,2006,13073,AFRICA
BURKINA,1,2006,500,AFRICA
BURUNDI,1,2006,500,AFRICA
CAMEROON,1,2006,1400,AFRICA
CONGO,1,2006,200,AFRICA
EGYPT,1,2006,132373,AFRICA
GABON,1,2006,1000,AFRICA
GHANA,1,2006,3000,AFRICA
IVORY COAST,1,2006,2500,AFRICA
KENYA,1,2006,3000,AFRICA
LIBERIA,1,2006,200,AFRICA
LIBYA,1,2006,35000,AFRICA
MADAGASCAR,1,2006,1100,AFRICA
MALAWI,1,2006,1100,AFRICA
MAURITIUS,1,2006,3500,AFRICA
MOROCCO,1,2006,75295,AFRICA
NIGERIA,1,2006,22000,AFRICA
REUNION,1,2006,22437,AFRICA
SENEGAL,1,2006,3000,AFRICA
SOUTH AFRICA,1,2006,481558,AFRICA
SUDAN,1,2006,2000,AFRICA
TANZANIA,1,2006,2000,AFRICA
TUNISIA,1,2006,30000,AFRICA
UGANDA,1,2006,3500,AFRICA
ZAMBIA,1,2006,2700,AFRICA
ZIMBABWE,1,2006,6000,AFRICA
AUSTRIA,1,2007,298182,EUROPE
BELGIUM,1,2007,524795,EUROPE
DENMARK,1,2007,162686,EUROPE
FINLAND,1,2007,125608,EUROPE
FRANCE,1,2007,2109672,EUROPE
GERMANY,1,2007,3148163,EUROPE
GREECE,1,2007,279745,EUROPE
ICELAND,1,2007,15942,EUROPE
IRELAND,1,2007,186325,EUROPE
ITALY,1,2007,2494115,EUROPE
LUXEMBOURG,1,2007,51332,EUROPE
NETHERLANDS,1,2007,504300,EUROPE
NORWAY,1,2007,129195,EUROPE
PORTUGAL,1,2007,201816,EUROPE
SPAIN,1,2007,1614835,EUROPE
SWEDEN,1,2007,306794,EUROPE
SWITZERLAND (+FL),1,2007,284674,EUROPE
UNITED KINGDOM,1,2007,2404007,EUROPE
BULGARIA*,1,2007,43521,EUROPE NEW MEMBERS
CROATIA,1,2007,82664,EUROPE NEW MEMBERS
CYPRUS,1,2007,22878,EUROPE NEW MEMBERS
CZECH REPUBLIC,1,2007,174456,EUROPE NEW MEMBERS
ESTONIA,1,2007,30912,EUROPE NEW MEMBERS
HUNGARY,1,2007,171661,EUROPE NEW MEMBERS
LATVIA,1,2007,21606,EUROPE NEW MEMBERS
LITHUANIA,1,2007,32771,EUROPE NEW MEMBERS
MALTA,1,2007,6240,EUROPE NEW MEMBERS
POLAND,1,2007,277427,EUROPE NEW MEMBERS
ROMANIA,1,2007,312533,EUROPE NEW MEMBERS
SLOVAKIA,1,2007,59700,EUROPE NEW MEMBERS
SLOVENIA,1,2007,68719,EUROPE NEW MEMBERS
ALBANIA,1,2007,1600,"RUSSIA, TURKEY & OTHER EUROPE"
ARMENIA,1,2007,6000,"RUSSIA, TURKEY & OTHER EUROPE"
BELARUS,1,2007,20000,"RUSSIA, TURKEY & OTHER EUROPE"
BOSNIA,1,2007,15000,"RUSSIA, TURKEY & OTHER EUROPE"
GEORGIA,1,2007,6000,"RUSSIA, TURKEY & OTHER EUROPE"
MACEDONIA,1,2007,10200,"RUSSIA, TURKEY & OTHER EUROPE"
MOLDAVIA,1,2007,7000,"RUSSIA, TURKEY & OTHER EUROPE"
RUSSIA,1,2007,2514920,"RUSSIA, TURKEY & OTHER EUROPE"
SERBIA,1,2007,32772,"RUSSIA, TURKEY & OTHER EUROPE"
TURKEY,1,2007,357465,"RUSSIA, TURKEY & OTHER EUROPE"
UKRAINE,1,2007,500357,"RUSSIA, TURKEY & OTHER EUROPE"
CANADA,1,2007,841585,NAFTA
MEXICO,1,2007,641394,NAFTA
UNITED STATES OF AMERICA,1,2007,7562334,NAFTA
ARGENTINA,1,2007,422230,CENTRAL & SOUTH AMERICA
BAHAMAS,1,2007,2000,CENTRAL & SOUTH AMERICA
BELIZE,1,2007,100,CENTRAL & SOUTH AMERICA
BOLIVIA,1,2007,1500,CENTRAL & SOUTH AMERICA
BRAZIL,1,2007,1975518,CENTRAL & SOUTH AMERICA
CHILE,1,2007,180000,CENTRAL & SOUTH AMERICA
COLOMBIA,1,2007,200000,CENTRAL & SOUTH AMERICA
COSTA RICA,1,2007,13000,CENTRAL & SOUTH AMERICA
CUBA,1,2007,3000,CENTRAL & SOUTH AMERICA
DOMINICAN REPUBLIC,1,2007,18000,CENTRAL & SOUTH AMERICA
ECUADOR,1,2007,58334,CENTRAL & SOUTH AMERICA
EL SALVADOR,1,2007,8000,CENTRAL & SOUTH AMERICA
GUADELOUPE,1,2007,15539,CENTRAL & SOUTH AMERICA
GUATEMALA,1,2007,12100,CENTRAL & SOUTH AMERICA
GUYANA,1,2007,4437,CENTRAL & SOUTH AMERICA
HONDURAS,1,2007,7100,CENTRAL & SOUTH AMERICA
JAMAICA,1,2007,3000,CENTRAL & SOUTH AMERICA
MARTINIQUE,1,2007,14666,CENTRAL & SOUTH AMERICA
NICARAGUA,1,2007,6000,CENTRAL & SOUTH AMERICA
PANAMA,1,2007,22000,CENTRAL & SOUTH AMERICA
PARAGUAY,1,2007,6000,CENTRAL & SOUTH AMERICA
PERU,1,2007,28430,CENTRAL & SOUTH AMERICA
PUERTO RICO,1,2007,92000,CENTRAL & SOUTH AMERICA
TRINIDAD,1,2007,5000,CENTRAL & SOUTH AMERICA
URUGUAY,1,2007,12000,CENTRAL & SOUTH AMERICA
VENEZUELA,1,2007,267932,CENTRAL & SOUTH AMERICA
AUSTRALIA,1,2007,637019,ASIA/OCEANIA/MIDDLE EAST
AZERBAIDJAN,1,2007,15000,ASIA/OCEANIA/MIDDLE EAST
BAHRAIN,1,2007,20000,ASIA/OCEANIA/MIDDLE EAST
BANGLADESH,1,2007,12000,ASIA/OCEANIA/MIDDLE EAST
BRUNEI,1,2007,10000,ASIA/OCEANIA/MIDDLE EAST
CAMBODGE,1,2007,1500,ASIA/OCEANIA/MIDDLE EAST
CHINA,1,2007,6297538,ASIA/OCEANIA/MIDDLE EAST
HONG-KONG,1,2007,33462,ASIA/OCEANIA/MIDDLE EAST
INDIA,1,2007,1511812,ASIA/OCEANIA/MIDDLE EAST
INDONESIA,1,2007,314769,ASIA/OCEANIA/MIDDLE EAST
IRAK,1,2007,4000,ASIA/OCEANIA/MIDDLE EAST
IRAN,1,2007,900000,ASIA/OCEANIA/MIDDLE EAST
ISRAEL,1,2007,200000,ASIA/OCEANIA/MIDDLE EAST
JAPAN,1,2007,4325508,ASIA/OCEANIA/MIDDLE EAST
JORDAN,1,2007,5000,ASIA/OCEANIA/MIDDLE EAST
KAZAKSTAN,1,2007,39500,ASIA/OCEANIA/MIDDLE EAST
KIRGHIZISTAN,1,2007,5000,ASIA/OCEANIA/MIDDLE EAST
KUWAIT,1,2007,70000,ASIA/OCEANIA/MIDDLE EAST
LAOS,1,2007,1500,ASIA/OCEANIA/MIDDLE EAST
LEBANON,1,2007,20000,ASIA/OCEANIA/MIDDLE EAST
MALAYSIA,1,2007,442885,ASIA/OCEANIA/MIDDLE EAST
MONGOLIA,1,2007,1000,ASIA/OCEANIA/MIDDLE EAST
MYANMAR,1,2007,1000,ASIA/OCEANIA/MIDDLE EAST
NEPAL,1,2007,2000,ASIA/OCEANIA/MIDDLE EAST
NEW CALEDONIA,1,2007,7717,ASIA/OCEANIA/MIDDLE EAST
NEW ZEALAND,1,2007,77454,ASIA/OCEANIA/MIDDLE EAST
OMAN,1,2007,146700,ASIA/OCEANIA/MIDDLE EAST
PAKISTAN,1,2007,159457,ASIA/OCEANIA/MIDDLE EAST
PALESTINE,1,2007,16400,ASIA/OCEANIA/MIDDLE EAST
PHILIPPINES,1,2007,41107,ASIA/OCEANIA/MIDDLE EAST
QATAR,1,2007,60700,ASIA/OCEANIA/MIDDLE EAST
SAUDI ARABIA,1,2007,404800,ASIA/OCEANIA/MIDDLE EAST
SINGAPORE,1,2007,110814,ASIA/OCEANIA/MIDDLE EAST
SOUTH KOREA,1,2007,1010790,ASIA/OCEANIA/MIDDLE EAST
SRI LANKA,1,2007,2900,ASIA/OCEANIA/MIDDLE EAST
SYRIA,1,2007,36000,ASIA/OCEANIA/MIDDLE EAST
TADJIKISTAN,1,2007,5800,ASIA/OCEANIA/MIDDLE EAST
TAHITI,1,2007,5400,ASIA/OCEANIA/MIDDLE EAST
TAIWAN,1,2007,213327,ASIA/OCEANIA/MIDDLE EAST
THAILAND,1,2007,172321,ASIA/OCEANIA/MIDDLE EAST
TUKMENISTAN,1,2007,4300,ASIA/OCEANIA/MIDDLE EAST
UNITED ARAB EMIRATES,1,2007,135000,ASIA/OCEANIA/MIDDLE EAST
UZBEKISTAN,1,2007,31700,ASIA/OCEANIA/MIDDLE EAST
VIETNAM,1,2007,40115,ASIA/OCEANIA/MIDDLE EAST
YEMEN,1,2007,4800,ASIA/OCEANIA/MIDDLE EAST
ALGERIA,1,2007,97239,AFRICA
ANGOLA,1,2007,3500,AFRICA
BOTSWANA,1,2007,16538,AFRICA
BURKINA,1,2007,500,AFRICA
BURUNDI,1,2007,600,AFRICA
CAMEROON,1,2007,1400,AFRICA
CONGO,1,2007,200,AFRICA
EGYPT,1,2007,179149,AFRICA
GABON,1,2007,1200,AFRICA
GHANA,1,2007,3500,AFRICA
IVORY COAST,1,2007,2000,AFRICA
KENYA,1,2007,2000,AFRICA
LIBERIA,1,2007,300,AFRICA
LIBYA,1,2007,36000,AFRICA
MADAGASCAR,1,2007,1100,AFRICA
MALAWI,1,2007,1100,AFRICA
MAURITIUS,1,2007,4000,AFRICA
MOROCCO,1,2007,90941,AFRICA
NIGERIA,1,2007,7000,AFRICA
REUNION,1,2007,24819,AFRICA
SENEGAL,1,2007,3000,AFRICA
SOUTH AFRICA,1,2007,434653,AFRICA
SUDAN,1,2007,2500,AFRICA
TANZANIA,1,2007,2000,AFRICA
TUNISIA,1,2007,30000,AFRICA
UGANDA,1,2007,3000,AFRICA
ZAMBIA,1,2007,2800,AFRICA
ZIMBABWE,1,2007,3000,AFRICA
AUSTRIA,1,2008,293697,EUROPE
BELGIUM,1,2008,535947,EUROPE
DENMARK,1,2008,150199,EUROPE
FINLAND,1,2008,139669,EUROPE
FRANCE,1,2008,2091369,EUROPE
GERMANY,1,2008,3090040,EUROPE
GREECE,1,2008,267295,EUROPE
ICELAND,1,2008,9033,EUROPE
IRELAND,1,2008,151607,EUROPE
ITALY,1,2008,2161359,EUROPE
LUXEMBOURG,1,2008,52359,EUROPE
NETHERLANDS,1,2008,499980,EUROPE
NORWAY,1,2008,110617,EUROPE
PORTUGAL,1,2008,213389,EUROPE
SPAIN,1,2008,1161176,EUROPE
SWEDEN,1,2008,253982,EUROPE
SWITZERLAND (+FL),1,2008,288525,EUROPE
UNITED KINGDOM,1,2008,2131795,EUROPE
BULGARIA*,1,2008,45143,EUROPE NEW MEMBERS
CROATIA,1,2008,88265,EUROPE NEW MEMBERS
CYPRUS,1,2008,22241,EUROPE NEW MEMBERS
CZECH REPUBLIC,1,2008,182554,EUROPE NEW MEMBERS
ESTONIA,1,2008,24579,EUROPE NEW MEMBERS
HUNGARY,1,2008,153278,EUROPE NEW MEMBERS
LATVIA,1,2008,22217,EUROPE NEW MEMBERS
LITHUANIA,1,2008,19831,EUROPE NEW MEMBERS
MALTA,1,2008,5423,EUROPE NEW MEMBERS
POLAND,1,2008,319190,EUROPE NEW MEMBERS
ROMANIA,1,2008,285506,EUROPE NEW MEMBERS
SLOVAKIA,1,2008,70040,EUROPE NEW MEMBERS
SLOVENIA,1,2008,71575,EUROPE NEW MEMBERS
ALBANIA,1,2008,1600,"RUSSIA, TURKEY & OTHER EUROPE"
ARMENIA,1,2008,4000,"RUSSIA, TURKEY & OTHER EUROPE"
BELARUS,1,2008,22000,"RUSSIA, TURKEY & OTHER EUROPE"
BOSNIA,1,2008,13000,"RUSSIA, TURKEY & OTHER EUROPE"
GEORGIA,1,2008,8000,"RUSSIA, TURKEY & OTHER EUROPE"
MACEDONIA,1,2008,10500,"RUSSIA, TURKEY & OTHER EUROPE"
MOLDAVIA,1,2008,11000,"RUSSIA, TURKEY & OTHER EUROPE"
RUSSIA,1,2008,2897459,"RUSSIA, TURKEY & OTHER EUROPE"
SERBIA,1,2008,36177,"RUSSIA, TURKEY & OTHER EUROPE"
TURKEY,1,2008,305998,"RUSSIA, TURKEY & OTHER EUROPE"
UKRAINE,1,2008,599985,"RUSSIA, TURKEY & OTHER EUROPE"
CANADA,1,2008,872720,NAFTA
MEXICO,1,2008,589045,NAFTA
UNITED STATES OF AMERICA,1,2008,6769107,NAFTA
ARGENTINA,1,2008,452539,CENTRAL & SOUTH AMERICA
BAHAMAS,1,2008,2000,CENTRAL & SOUTH AMERICA
BELIZE,1,2008,200,CENTRAL & SOUTH AMERICA
BOLIVIA,1,2008,1500,CENTRAL & SOUTH AMERICA
BRAZIL,1,2008,2193277,CENTRAL & SOUTH AMERICA
CHILE,1,2008,181523,CENTRAL & SOUTH AMERICA
COLOMBIA,1,2008,180000,CENTRAL & SOUTH AMERICA
COSTA RICA,1,2008,15000,CENTRAL & SOUTH AMERICA
CUBA,1,2008,3000,CENTRAL & SOUTH AMERICA
DOMINICAN REPUBLIC,1,2008,20000,CENTRAL & SOUTH AMERICA
ECUADOR,1,2008,69556,CENTRAL & SOUTH AMERICA
EL SALVADOR,1,2008,10000,CENTRAL & SOUTH AMERICA
GUADELOUPE,1,2008,14295,CENTRAL & SOUTH AMERICA
GUATEMALA,1,2008,12800,CENTRAL & SOUTH AMERICA
GUYANA,1,2008,4357,CENTRAL & SOUTH AMERICA
HONDURAS,1,2008,8000,CENTRAL & SOUTH AMERICA
JAMAICA,1,2008,3000,CENTRAL & SOUTH AMERICA
MARTINIQUE,1,2008,13679,CENTRAL & SOUTH AMERICA
NICARAGUA,1,2008,6000,CENTRAL & SOUTH AMERICA
PANAMA,1,2008,30000,CENTRAL & SOUTH AMERICA
PARAGUAY,1,2008,12000,CENTRAL & SOUTH AMERICA
PERU,1,2008,55312,CENTRAL & SOUTH AMERICA
PUERTO RICO,1,2008,65000,CENTRAL & SOUTH AMERICA
TRINIDAD,1,2008,10000,CENTRAL & SOUTH AMERICA
URUGUAY,1,2008,15000,CENTRAL & SOUTH AMERICA
VENEZUELA,1,2008,135882,CENTRAL & SOUTH AMERICA
AUSTRALIA,1,2008,596765,ASIA/OCEANIA/MIDDLE EAST
AZERBAIDJAN,1,2008,15000,ASIA/OCEANIA/MIDDLE EAST
BAHRAIN,1,2008,30000,ASIA/OCEANIA/MIDDLE EAST
BANGLADESH,1,2008,17000,ASIA/OCEANIA/MIDDLE EAST
BRUNEI,1,2008,15000,ASIA/OCEANIA/MIDDLE EAST
CAMBODGE,1,2008,1500,ASIA/OCEANIA/MIDDLE EAST
CHINA,1,2008,6755609,ASIA/OCEANIA/MIDDLE EAST
HONG-KONG,1,2008,35182,ASIA/OCEANIA/MIDDLE EAST
INDIA,1,2008,1545414,ASIA/OCEANIA/MIDDLE EAST
INDONESIA,1,2008,425267,ASIA/OCEANIA/MIDDLE EAST
IRAK,1,2008,20000,ASIA/OCEANIA/MIDDLE EAST
IRAN,1,2008,1000000,ASIA/OCEANIA/MIDDLE EAST
ISRAEL,1,2008,170000,ASIA/OCEANIA/MIDDLE EAST
JAPAN,1,2008,4184266,ASIA/OCEANIA/MIDDLE EAST
JORDAN,1,2008,9000,ASIA/OCEANIA/MIDDLE EAST
KAZAKSTAN,1,2008,39000,ASIA/OCEANIA/MIDDLE EAST
KIRGHIZISTAN,1,2008,4000,ASIA/OCEANIA/MIDDLE EAST
KUWAIT,1,2008,80000,ASIA/OCEANIA/MIDDLE EAST
LAOS,1,2008,2000,ASIA/OCEANIA/MIDDLE EAST
LEBANON,1,2008,33000,ASIA/OCEANIA/MIDDLE EAST
MALAYSIA,1,2008,497459,ASIA/OCEANIA/MIDDLE EAST
MONGOLIA,1,2008,3000,ASIA/OCEANIA/MIDDLE EAST
MYANMAR,1,2008,1200,ASIA/OCEANIA/MIDDLE EAST
NEPAL,1,2008,1500,ASIA/OCEANIA/MIDDLE EAST
NEW CALEDONIA,1,2008,7853,ASIA/OCEANIA/MIDDLE EAST
NEW ZEALAND,1,2008,73397,ASIA/OCEANIA/MIDDLE EAST
OMAN,1,2008,145000,ASIA/OCEANIA/MIDDLE EAST
PAKISTAN,1,2008,127863,ASIA/OCEANIA/MIDDLE EAST
PALESTINE,1,2008,18400,ASIA/OCEANIA/MIDDLE EAST
PHILIPPINES,1,2008,44313,ASIA/OCEANIA/MIDDLE EAST
QATAR,1,2008,60000,ASIA/OCEANIA/MIDDLE EAST
SAUDI ARABIA,1,2008,400000,ASIA/OCEANIA/MIDDLE EAST
SINGAPORE,1,2008,100979,ASIA/OCEANIA/MIDDLE EAST
SOUTH KOREA,1,2008,1017595,ASIA/OCEANIA/MIDDLE EAST
SRI LANKA,1,2008,3000,ASIA/OCEANIA/MIDDLE EAST
SYRIA,1,2008,42000,ASIA/OCEANIA/MIDDLE EAST
TADJIKISTAN,1,2008,6000,ASIA/OCEANIA/MIDDLE EAST
TAHITI,1,2008,5000,ASIA/OCEANIA/MIDDLE EAST
TAIWAN,1,2008,141161,ASIA/OCEANIA/MIDDLE EAST
THAILAND,1,2008,226805,ASIA/OCEANIA/MIDDLE EAST
TUKMENISTAN,1,2008,4500,ASIA/OCEANIA/MIDDLE EAST
UNITED ARAB EMIRATES,1,2008,191544,ASIA/OCEANIA/MIDDLE EAST
UZBEKISTAN,1,2008,43000,ASIA/OCEANIA/MIDDLE EAST
VIETNAM,1,2008,50877,ASIA/OCEANIA/MIDDLE EAST
YEMEN,1,2008,5000,ASIA/OCEANIA/MIDDLE EAST
ALGERIA,1,2008,111753,AFRICA
ANGOLA,1,2008,3500,AFRICA
BOTSWANA,1,2008,20037,AFRICA
BURKINA,1,2008,600,AFRICA
BURUNDI,1,2008,700,AFRICA
CAMEROON,1,2008,1400,AFRICA
CONGO,1,2008,500,AFRICA
EGYPT,1,2008,203729,AFRICA
GABON,1,2008,2500,AFRICA
GHANA,1,2008,3500,AFRICA
IVORY COAST,1,2008,2500,AFRICA
KENYA,1,2008,2000,AFRICA
LIBERIA,1,2008,300,AFRICA
LIBYA,1,2008,37000,AFRICA
MADAGASCAR,1,2008,1000,AFRICA
MALAWI,1,2008,1000,AFRICA
MAURITIUS,1,2008,4000,AFRICA
MOROCCO,1,2008,102095,AFRICA
NIGERIA,1,2008,7000,AFRICA
REUNION,1,2008,23267,AFRICA
SENEGAL,1,2008,3000,AFRICA
SOUTH AFRICA,1,2008,329262,AFRICA
SUDAN,1,2008,3000,AFRICA
TANZANIA,1,2008,2000,AFRICA
TUNISIA,1,2008,33000,AFRICA
UGANDA,1,2008,3000,AFRICA
ZAMBIA,1,2008,2600,AFRICA
ZIMBABWE,1,2008,3000,AFRICA
AUSTRIA,1,2009,319403,EUROPE
BELGIUM,1,2009,476194,EUROPE
DENMARK,1,2009,112454,EUROPE
FINLAND,1,2009,90574,EUROPE
FRANCE,1,2009,2302398,EUROPE
GERMANY,1,2009,3807175,EUROPE
GREECE,1,2009,219730,EUROPE
ICELAND,1,2009,2113,EUROPE
IRELAND,1,2009,57453,EUROPE
ITALY,1,2009,2159465,EUROPE
LUXEMBOURG,1,2009,47265,EUROPE
NETHERLANDS,1,2009,387699,EUROPE
NORWAY,1,2009,98675,EUROPE
PORTUGAL,1,2009,161013,EUROPE
SPAIN,1,2009,952772,EUROPE
SWEDEN,1,2009,213408,EUROPE
SWITZERLAND (+FL),1,2009,266018,EUROPE
UNITED KINGDOM,1,2009,1994999,EUROPE
BULGARIA*,1,2009,22869,EUROPE NEW MEMBERS
CROATIA,1,2009,44918,EUROPE NEW MEMBERS
CYPRUS,1,2009,14981,EUROPE NEW MEMBERS
CZECH REPUBLIC,1,2009,167708,EUROPE NEW MEMBERS
ESTONIA,1,2009,9946,EUROPE NEW MEMBERS
HUNGARY,1,2009,60189,EUROPE NEW MEMBERS
LATVIA,1,2009,7515,EUROPE NEW MEMBERS
LITHUANIA,1,2009,5367,EUROPE NEW MEMBERS
MALTA,1,2009,5894,EUROPE NEW MEMBERS
POLAND,1,2009,276220,EUROPE NEW MEMBERS
ROMANIA,1,2009,116016,EUROPE NEW MEMBERS
SLOVAKIA,1,2009,74717,EUROPE NEW MEMBERS
SLOVENIA,1,2009,57967,EUROPE NEW MEMBERS
ALBANIA,1,2009,1000,"RUSSIA, TURKEY & OTHER EUROPE"
ARMENIA,1,2009,4000,"RUSSIA, TURKEY & OTHER EUROPE"
BELARUS,1,2009,12000,"RUSSIA, TURKEY & OTHER EUROPE"
BOSNIA,1,2009,12000,"RUSSIA, TURKEY & OTHER EUROPE"
GEORGIA,1,2009,1000,"RUSSIA, TURKEY & OTHER EUROPE"
MACEDONIA,1,2009,6000,"RUSSIA, TURKEY & OTHER EUROPE"
MOLDAVIA,1,2009,4000,"RUSSIA, TURKEY & OTHER EUROPE"
RUSSIA,1,2009,1465742,"RUSSIA, TURKEY & OTHER EUROPE"
SERBIA,1,2009,30000,"RUSSIA, TURKEY & OTHER EUROPE"
TURKEY,1,2009,369819,"RUSSIA, TURKEY & OTHER EUROPE"
UKRAINE,1,2009,170085,"RUSSIA, TURKEY & OTHER EUROPE"
CANADA,1,2009,729023,NAFTA
MEXICO,1,2009,439120,NAFTA
UNITED STATES OF AMERICA,1,2009,5400890,NAFTA
ARGENTINA,1,2009,373231,CENTRAL & SOUTH AMERICA
BAHAMAS,1,2009,3500,CENTRAL & SOUTH AMERICA
BELIZE,1,2009,150,CENTRAL & SOUTH AMERICA
BOLIVIA,1,2009,1000,CENTRAL & SOUTH AMERICA
BRAZIL,1,2009,2474764,CENTRAL & SOUTH AMERICA
CHILE,1,2009,130753,CENTRAL & SOUTH AMERICA
COLOMBIA,1,2009,170000,CENTRAL & SOUTH AMERICA
COSTA RICA,1,2009,12000,CENTRAL & SOUTH AMERICA
CUBA,1,2009,1500,CENTRAL & SOUTH AMERICA
DOMINICAN REPUBLIC,1,2009,8000,CENTRAL & SOUTH AMERICA
ECUADOR,1,2009,60596,CENTRAL & SOUTH AMERICA
EL SALVADOR,1,2009,2000,CENTRAL & SOUTH AMERICA
GUADELOUPE,1,2009,14084,CENTRAL & SOUTH AMERICA
GUATEMALA,1,2009,13000,CENTRAL & SOUTH AMERICA
GUYANA,1,2009,4446,CENTRAL & SOUTH AMERICA
HONDURAS,1,2009,6000,CENTRAL & SOUTH AMERICA
JAMAICA,1,2009,4000,CENTRAL & SOUTH AMERICA
MARTINIQUE,1,2009,13142,CENTRAL & SOUTH AMERICA
NICARAGUA,1,2009,4000,CENTRAL & SOUTH AMERICA
PANAMA,1,2009,25000,CENTRAL & SOUTH AMERICA
PARAGUAY,1,2009,7000,CENTRAL & SOUTH AMERICA
PERU,1,2009,48775,CENTRAL & SOUTH AMERICA
PUERTO RICO,1,2009,65000,CENTRAL & SOUTH AMERICA
TRINIDAD,1,2009,10000,CENTRAL & SOUTH AMERICA
URUGUAY,1,2009,30000,CENTRAL & SOUTH AMERICA
VENEZUELA,1,2009,67047,CENTRAL & SOUTH AMERICA
AUSTRALIA,1,2009,540562,ASIA/OCEANIA/MIDDLE EAST
AZERBAIDJAN,1,2009,10000,ASIA/OCEANIA/MIDDLE EAST
BAHRAIN,1,2009,28000,ASIA/OCEANIA/MIDDLE EAST
BANGLADESH,1,2009,21500,ASIA/OCEANIA/MIDDLE EAST
BRUNEI,1,2009,10000,ASIA/OCEANIA/MIDDLE EAST
CAMBODGE,1,2009,1500,ASIA/OCEANIA/MIDDLE EAST
CHINA,1,2009,10331315,ASIA/OCEANIA/MIDDLE EAST
HONG-KONG,1,2009,28797,ASIA/OCEANIA/MIDDLE EAST
INDIA,1,2009,1816878,ASIA/OCEANIA/MIDDLE EAST
INDONESIA,1,2009,359367,ASIA/OCEANIA/MIDDLE EAST
IRAK,1,2009,35000,ASIA/OCEANIA/MIDDLE EAST
IRAN,1,2009,1100000,ASIA/OCEANIA/MIDDLE EAST
ISRAEL,1,2009,160000,ASIA/OCEANIA/MIDDLE EAST
JAPAN,1,2009,3905310,ASIA/OCEANIA/MIDDLE EAST
JORDAN,1,2009,10500,ASIA/OCEANIA/MIDDLE EAST
KAZAKSTAN,1,2009,40000,ASIA/OCEANIA/MIDDLE EAST
KIRGHIZISTAN,1,2009,4500,ASIA/OCEANIA/MIDDLE EAST
KUWAIT,1,2009,90000,ASIA/OCEANIA/MIDDLE EAST
LAOS,1,2009,3000,ASIA/OCEANIA/MIDDLE EAST
LEBANON,1,2009,32000,ASIA/OCEANIA/MIDDLE EAST
MALAYSIA,1,2009,486342,ASIA/OCEANIA/MIDDLE EAST
MONGOLIA,1,2009,3000,ASIA/OCEANIA/MIDDLE EAST
MYANMAR,1,2009,1500,ASIA/OCEANIA/MIDDLE EAST
NEPAL,1,2009,2000,ASIA/OCEANIA/MIDDLE EAST
NEW CALEDONIA,1,2009,7246,ASIA/OCEANIA/MIDDLE EAST
NEW ZEALAND,1,2009,54404,ASIA/OCEANIA/MIDDLE EAST
OMAN,1,2009,105000,ASIA/OCEANIA/MIDDLE EAST
PAKISTAN,1,2009,94437,ASIA/OCEANIA/MIDDLE EAST
PALESTINE,1,2009,13400,ASIA/OCEANIA/MIDDLE EAST
PHILIPPINES,1,2009,46111,ASIA/OCEANIA/MIDDLE EAST
QATAR,1,2009,40000,ASIA/OCEANIA/MIDDLE EAST
SAUDI ARABIA,1,2009,390000,ASIA/OCEANIA/MIDDLE EAST
SINGAPORE,1,2009,73183,ASIA/OCEANIA/MIDDLE EAST
SOUTH KOREA,1,2009,1221118,ASIA/OCEANIA/MIDDLE EAST
SRI LANKA,1,2009,3000,ASIA/OCEANIA/MIDDLE EAST
SYRIA,1,2009,46000,ASIA/OCEANIA/MIDDLE EAST
TADJIKISTAN,1,2009,7000,ASIA/OCEANIA/MIDDLE EAST
TAHITI,1,2009,3500,ASIA/OCEANIA/MIDDLE EAST
TAIWAN,1,2009,187262,ASIA/OCEANIA/MIDDLE EAST
THAILAND,1,2009,230037,ASIA/OCEANIA/MIDDLE EAST
TUKMENISTAN,1,2009,4500,ASIA/OCEANIA/MIDDLE EAST
UNITED ARAB EMIRATES,1,2009,90238,ASIA/OCEANIA/MIDDLE EAST
UZBEKISTAN,1,2009,45000,ASIA/OCEANIA/MIDDLE EAST
VIETNAM,1,2009,62722,ASIA/OCEANIA/MIDDLE EAST
YEMEN,1,2009,5000,ASIA/OCEANIA/MIDDLE EAST
ALGERIA,1,2009,131259,AFRICA
ANGOLA,1,2009,10000,AFRICA
BOTSWANA,1,2009,19354,AFRICA
BURKINA,1,2009,550,AFRICA
BURUNDI,1,2009,700,AFRICA
CAMEROON,1,2009,1400,AFRICA
CONGO,1,2009,1500,AFRICA
EGYPT,1,2009,158926,AFRICA
GABON,1,2009,2000,AFRICA
GHANA,1,2009,4500,AFRICA
IVORY COAST,1,2009,3000,AFRICA
KENYA,1,2009,5000,AFRICA
LIBERIA,1,2009,200,AFRICA
LIBYA,1,2009,37500,AFRICA
MADAGASCAR,1,2009,900,AFRICA
MALAWI,1,2009,1000,AFRICA
MAURITIUS,1,2009,3000,AFRICA
MOROCCO,1,2009,93761,AFRICA
NIGERIA,1,2009,34000,AFRICA
REUNION,1,2009,20935,AFRICA
SENEGAL,1,2009,4000,AFRICA
SOUTH AFRICA,1,2009,258129,AFRICA
SUDAN,1,2009,7000,AFRICA
TANZANIA,1,2009,2000,AFRICA
TUNISIA,1,2009,35000,AFRICA
UGANDA,1,2009,3000,AFRICA
ZAMBIA,1,2009,3000,AFRICA
ZIMBABWE,1,2009,3000,AFRICA
AUSTRIA,1,2010,328563,EUROPE
BELGIUM,1,2010,547340,EUROPE
DENMARK,1,2010,153858,EUROPE
FINLAND,1,2010,111968,EUROPE
FRANCE,1,2010,2251669,EUROPE
GERMANY,1,2010,2916259,EUROPE
GREECE,1,2010,141501,EUROPE
ICELAND,1,2010,3106,EUROPE
IRELAND,1,2010,88446,EUROPE
ITALY,1,2010,1961580,EUROPE
LUXEMBOURG,1,2010,49726,EUROPE
NETHERLANDS,1,2010,482531,EUROPE
NORWAY,1,2010,127754,EUROPE
PORTUGAL,1,2010,223464,EUROPE
SPAIN,1,2010,982015,EUROPE
SWEDEN,1,2010,289684,EUROPE
SWITZERLAND (+FL),1,2010,294239,EUROPE
UNITED KINGDOM,1,2010,2030846,EUROPE
BULGARIA*,1,2010,16257,EUROPE NEW MEMBERS
CROATIA,1,2010,38587,EUROPE NEW MEMBERS
CYPRUS,1,2010,14088,EUROPE NEW MEMBERS
CZECH REPUBLIC,1,2010,169580,EUROPE NEW MEMBERS
ESTONIA,1,2010,10295,EUROPE NEW MEMBERS
HUNGARY,1,2010,43476,EUROPE NEW MEMBERS
LATVIA,1,2010,7970,EUROPE NEW MEMBERS
LITHUANIA,1,2010,6365,EUROPE NEW MEMBERS
MALTA,1,2010,4056,EUROPE NEW MEMBERS
POLAND,1,2010,315855,EUROPE NEW MEMBERS
ROMANIA,1,2010,94441,EUROPE NEW MEMBERS
SLOVAKIA,1,2010,64033,EUROPE NEW MEMBERS
SLOVENIA,1,2010,61142,EUROPE NEW MEMBERS
ALBANIA,1,2010,1600,"RUSSIA, TURKEY & OTHER EUROPE"
ARMENIA,1,2010,4000,"RUSSIA, TURKEY & OTHER EUROPE"
BELARUS,1,2010,15000,"RUSSIA, TURKEY & OTHER EUROPE"
BOSNIA,1,2010,10000,"RUSSIA, TURKEY & OTHER EUROPE"
GEORGIA,1,2010,4000,"RUSSIA, TURKEY & OTHER EUROPE"
MACEDONIA,1,2010,8500,"RUSSIA, TURKEY & OTHER EUROPE"
MOLDAVIA,1,2010,5000,"RUSSIA, TURKEY & OTHER EUROPE"
RUSSIA,1,2010,1912794,"RUSSIA, TURKEY & OTHER EUROPE"
SERBIA,1,2010,28951,"RUSSIA, TURKEY & OTHER EUROPE"
TURKEY,1,2010,509784,"RUSSIA, TURKEY & OTHER EUROPE"
UKRAINE,1,2010,169540,"RUSSIA, TURKEY & OTHER EUROPE"
CANADA,1,2010,694349,NAFTA
MEXICO,1,2010,503748,NAFTA
UNITED STATES OF AMERICA,1,2010,5635432,NAFTA
ARGENTINA,1,2010,522591,CENTRAL & SOUTH AMERICA
BAHAMAS,1,2010,2000,CENTRAL & SOUTH AMERICA
BELIZE,1,2010,100,CENTRAL & SOUTH AMERICA
BOLIVIA,1,2010,8000,CENTRAL & SOUTH AMERICA
BRAZIL,1,2010,2644706,CENTRAL & SOUTH AMERICA
CHILE,1,2010,212336,CENTRAL & SOUTH AMERICA
COLOMBIA,1,2010,250000,CENTRAL & SOUTH AMERICA
COSTA RICA,1,2010,20000,CENTRAL & SOUTH AMERICA
CUBA,1,2010,2000,CENTRAL & SOUTH AMERICA
DOMINICAN REPUBLIC,1,2010,15000,CENTRAL & SOUTH AMERICA
ECUADOR,1,2010,90250,CENTRAL & SOUTH AMERICA
EL SALVADOR,1,2010,3000,CENTRAL & SOUTH AMERICA
GUADELOUPE,1,2010,13480,CENTRAL & SOUTH AMERICA
GUATEMALA,1,2010,14100,CENTRAL & SOUTH AMERICA
GUYANA,1,2010,4393,CENTRAL & SOUTH AMERICA
HONDURAS,1,2010,1000,CENTRAL & SOUTH AMERICA
JAMAICA,1,2010,2000,CENTRAL & SOUTH AMERICA
MARTINIQUE,1,2010,13187,CENTRAL & SOUTH AMERICA
NICARAGUA,1,2010,3000,CENTRAL & SOUTH AMERICA
PANAMA,1,2010,30000,CENTRAL & SOUTH AMERICA
PARAGUAY,1,2010,11000,CENTRAL & SOUTH AMERICA
PERU,1,2010,73858,CENTRAL & SOUTH AMERICA
PUERTO RICO,1,2010,45000,CENTRAL & SOUTH AMERICA
TRINIDAD,1,2010,10000,CENTRAL & SOUTH AMERICA
URUGUAY,1,2010,40000,CENTRAL & SOUTH AMERICA
VENEZUELA,1,2010,68210,CENTRAL & SOUTH AMERICA
AUSTRALIA,1,2010,592122,ASIA/OCEANIA/MIDDLE EAST
AZERBAIDJAN,1,2010,13000,ASIA/OCEANIA/MIDDLE EAST
BAHRAIN,1,2010,29000,ASIA/OCEANIA/MIDDLE EAST
BANGLADESH,1,2010,20700,ASIA/OCEANIA/MIDDLE EAST
BRUNEI,1,2010,10000,ASIA/OCEANIA/MIDDLE EAST
CAMBODGE,1,2010,1500,ASIA/OCEANIA/MIDDLE EAST
CHINA,1,2010,13757794,ASIA/OCEANIA/MIDDLE EAST
HONG-KONG,1,2010,41638,ASIA/OCEANIA/MIDDLE EAST
INDIA,1,2010,2387197,ASIA/OCEANIA/MIDDLE EAST
INDONESIA,1,2010,541475,ASIA/OCEANIA/MIDDLE EAST
IRAK,1,2010,65000,ASIA/OCEANIA/MIDDLE EAST
IRAN,1,2010,1410403,ASIA/OCEANIA/MIDDLE EAST
ISRAEL,1,2010,200000,ASIA/OCEANIA/MIDDLE EAST
JAPAN,1,2010,4203181,ASIA/OCEANIA/MIDDLE EAST
JORDAN,1,2010,10000,ASIA/OCEANIA/MIDDLE EAST
KAZAKSTAN,1,2010,24000,ASIA/OCEANIA/MIDDLE EAST
KIRGHIZISTAN,1,2010,4000,ASIA/OCEANIA/MIDDLE EAST
KUWAIT,1,2010,90000,ASIA/OCEANIA/MIDDLE EAST
LAOS,1,2010,4000,ASIA/OCEANIA/MIDDLE EAST
LEBANON,1,2010,33000,ASIA/OCEANIA/MIDDLE EAST
MALAYSIA,1,2010,543594,ASIA/OCEANIA/MIDDLE EAST
MONGOLIA,1,2010,3000,ASIA/OCEANIA/MIDDLE EAST
MYANMAR,1,2010,1800,ASIA/OCEANIA/MIDDLE EAST
NEPAL,1,2010,1000,ASIA/OCEANIA/MIDDLE EAST
NEW CALEDONIA,1,2010,7354,ASIA/OCEANIA/MIDDLE EAST
NEW ZEALAND,1,2010,62029,ASIA/OCEANIA/MIDDLE EAST
OMAN,1,2010,115000,ASIA/OCEANIA/MIDDLE EAST
PAKISTAN,1,2010,130038,ASIA/OCEANIA/MIDDLE EAST
PALESTINE,1,2010,17400,ASIA/OCEANIA/MIDDLE EAST
PHILIPPINES,1,2010,59623,ASIA/OCEANIA/MIDDLE EAST
QATAR,1,2010,40000,ASIA/OCEANIA/MIDDLE EAST
SAUDI ARABIA,1,2010,450000,ASIA/OCEANIA/MIDDLE EAST
SINGAPORE,1,2010,47273,ASIA/OCEANIA/MIDDLE EAST
SOUTH KOREA,1,2010,1237482,ASIA/OCEANIA/MIDDLE EAST
SRI LANKA,1,2010,2000,ASIA/OCEANIA/MIDDLE EAST
SYRIA,1,2010,78147,ASIA/OCEANIA/MIDDLE EAST
TADJIKISTAN,1,2010,6500,ASIA/OCEANIA/MIDDLE EAST
TAHITI,1,2010,3500,ASIA/OCEANIA/MIDDLE EAST
TAIWAN,1,2010,208300,ASIA/OCEANIA/MIDDLE EAST
THAILAND,1,2010,346644,ASIA/OCEANIA/MIDDLE EAST
TUKMENISTAN,1,2010,4500,ASIA/OCEANIA/MIDDLE EAST
UNITED ARAB EMIRATES,1,2010,136979,ASIA/OCEANIA/MIDDLE EAST
UZBEKISTAN,1,2010,43500,ASIA/OCEANIA/MIDDLE EAST
VIETNAM,1,2010,57778,ASIA/OCEANIA/MIDDLE EAST
YEMEN,1,2010,2000,ASIA/OCEANIA/MIDDLE EAST
ALGERIA,1,2010,97765,AFRICA
ANGOLA,1,2010,20000,AFRICA
BOTSWANA,1,2010,20972,AFRICA
BURKINA,1,2010,700,AFRICA
BURUNDI,1,2010,300,AFRICA
CAMEROON,1,2010,1400,AFRICA
CONGO,1,2010,1500,AFRICA
EGYPT,1,2010,192848,AFRICA
GABON,1,2010,2000,AFRICA
GHANA,1,2010,4000,AFRICA
IVORY COAST,1,2010,3500,AFRICA
KENYA,1,2010,4000,AFRICA
LIBERIA,1,2010,300,AFRICA
LIBYA,1,2010,38000,AFRICA
MADAGASCAR,1,2010,900,AFRICA
MALAWI,1,2010,1500,AFRICA
MAURITIUS,1,2010,4000,AFRICA
MOROCCO,1,2010,91119,AFRICA
NIGERIA,1,2010,25000,AFRICA
REUNION,1,2010,20295,AFRICA
SENEGAL,1,2010,4000,AFRICA
SOUTH AFRICA,1,2010,337130,AFRICA
SUDAN,1,2010,2000,AFRICA
TANZANIA,1,2010,2000,AFRICA
TUNISIA,1,2010,45000,AFRICA
UGANDA,1,2010,3000,AFRICA
ZAMBIA,1,2010,2000,AFRICA
ZIMBABWE,1,2010,2000,AFRICA
AUSTRIA,1,2011,356145,EUROPE
BELGIUM,1,2011,572211,EUROPE
DENMARK,1,2011,170036,EUROPE
FINLAND,1,2011,126123,EUROPE
FRANCE,1,2011,2204229,EUROPE
GERMANY,1,2011,3173634,EUROPE
GREECE,1,2011,97680,EUROPE
ICELAND,1,2011,5038,EUROPE
IRELAND,1,2011,89911,EUROPE
ITALY,1,2011,1749740,EUROPE
LUXEMBOURG,1,2011,49881,EUROPE
NETHERLANDS,1,2011,555812,EUROPE
NORWAY,1,2011,138345,EUROPE
PORTUGAL,1,2011,153404,EUROPE
SPAIN,1,2011,808051,EUROPE
SWEDEN,1,2011,304984,EUROPE
SWITZERLAND (+FL),1,2011,318958,EUROPE
UNITED KINGDOM,1,2011,1941253,EUROPE
BULGARIA*,1,2011,19250,EUROPE NEW MEMBERS
CROATIA,1,2011,41561,EUROPE NEW MEMBERS
CYPRUS,1,2011,13480,EUROPE NEW MEMBERS
CZECH REPUBLIC,1,2011,173595,EUROPE NEW MEMBERS
ESTONIA,1,2011,17070,EUROPE NEW MEMBERS
HUNGARY,1,2011,45094,EUROPE NEW MEMBERS
LATVIA,1,2011,13234,EUROPE NEW MEMBERS
LITHUANIA,1,2011,10980,EUROPE NEW MEMBERS
MALTA,1,2011,5428,EUROPE NEW MEMBERS
POLAND,1,2011,277427,EUROPE NEW MEMBERS
ROMANIA,1,2011,81709,EUROPE NEW MEMBERS
SLOVAKIA,1,2011,68203,EUROPE NEW MEMBERS
SLOVENIA,1,2011,60193,EUROPE NEW MEMBERS
ALBANIA,1,2011,2100,"RUSSIA, TURKEY & OTHER EUROPE"
ARMENIA,1,2011,4000,"RUSSIA, TURKEY & OTHER EUROPE"
BELARUS,1,2011,15000,"RUSSIA, TURKEY & OTHER EUROPE"
BOSNIA,1,2011,10000,"RUSSIA, TURKEY & OTHER EUROPE"
GEORGIA,1,2011,3000,"RUSSIA, TURKEY & OTHER EUROPE"
MACEDONIA,1,2011,8500,"RUSSIA, TURKEY & OTHER EUROPE"
MOLDAVIA,1,2011,5500,"RUSSIA, TURKEY & OTHER EUROPE"
RUSSIA,1,2011,2653688,"RUSSIA, TURKEY & OTHER EUROPE"
SERBIA,1,2011,22181,"RUSSIA, TURKEY & OTHER EUROPE"
TURKEY,1,2011,593519,"RUSSIA, TURKEY & OTHER EUROPE"
UKRAINE,1,2011,207453,"RUSSIA, TURKEY & OTHER EUROPE"
CANADA,1,2011,681956,NAFTA
MEXICO,1,2011,592101,NAFTA
UNITED STATES OF AMERICA,1,2011,6089403,NAFTA
ARGENTINA,1,2011,673853,CENTRAL & SOUTH AMERICA
BAHAMAS,1,2011,2000,CENTRAL & SOUTH AMERICA
BELIZE,1,2011,100,CENTRAL & SOUTH AMERICA
BOLIVIA,1,2011,9500,CENTRAL & SOUTH AMERICA
BRAZIL,1,2011,2647250,CENTRAL & SOUTH AMERICA
CHILE,1,2011,245116,CENTRAL & SOUTH AMERICA
COLOMBIA,1,2011,250000,CENTRAL & SOUTH AMERICA
COSTA RICA,1,2011,30000,CENTRAL & SOUTH AMERICA
CUBA,1,2011,3000,CENTRAL & SOUTH AMERICA
DOMINICAN REPUBLIC,1,2011,15000,CENTRAL & SOUTH AMERICA
ECUADOR,1,2011,94297,CENTRAL & SOUTH AMERICA
EL SALVADOR,1,2011,3000,CENTRAL & SOUTH AMERICA
GUADELOUPE,1,2011,13695,CENTRAL & SOUTH AMERICA
GUATEMALA,1,2011,15000,CENTRAL & SOUTH AMERICA
GUYANA,1,2011,4719,CENTRAL & SOUTH AMERICA
HONDURAS,1,2011,1000,CENTRAL & SOUTH AMERICA
JAMAICA,1,2011,2000,CENTRAL & SOUTH AMERICA
MARTINIQUE,1,2011,12976,CENTRAL & SOUTH AMERICA
NICARAGUA,1,2011,3000,CENTRAL & SOUTH AMERICA
PANAMA,1,2011,35000,CENTRAL & SOUTH AMERICA
PARAGUAY,1,2011,20000,CENTRAL & SOUTH AMERICA
PERU,1,2011,93055,CENTRAL & SOUTH AMERICA
PUERTO RICO,1,2011,55000,CENTRAL & SOUTH AMERICA
TRINIDAD,1,2011,10000,CENTRAL & SOUTH AMERICA
URUGUAY,1,2011,38308,CENTRAL & SOUTH AMERICA
VENEZUELA,1,2011,65339,CENTRAL & SOUTH AMERICA
AUSTRALIA,1,2011,559314,ASIA/OCEANIA/MIDDLE EAST
AZERBAIDJAN,1,2011,10000,ASIA/OCEANIA/MIDDLE EAST
BAHRAIN,1,2011,26000,ASIA/OCEANIA/MIDDLE EAST
BANGLADESH,1,2011,20800,ASIA/OCEANIA/MIDDLE EAST
BRUNEI,1,2011,15000,ASIA/OCEANIA/MIDDLE EAST
CAMBODGE,1,2011,2000,ASIA/OCEANIA/MIDDLE EAST
CHINA,1,2011,14472416,ASIA/OCEANIA/MIDDLE EAST
HONG-KONG,1,2011,44845,ASIA/OCEANIA/MIDDLE EAST
INDIA,1,2011,2510313,ASIA/OCEANIA/MIDDLE EAST
INDONESIA,1,2011,602291,ASIA/OCEANIA/MIDDLE EAST
IRAK,1,2011,71500,ASIA/OCEANIA/MIDDLE EAST
IRAN,1,2011,1452965,ASIA/OCEANIA/MIDDLE EAST
ISRAEL,1,2011,210000,ASIA/OCEANIA/MIDDLE EAST
JAPAN,1,2011,3509036,ASIA/OCEANIA/MIDDLE EAST
JORDAN,1,2011,11000,ASIA/OCEANIA/MIDDLE EAST
KAZAKSTAN,1,2011,38348,ASIA/OCEANIA/MIDDLE EAST
KIRGHIZISTAN,1,2011,5000,ASIA/OCEANIA/MIDDLE EAST
KUWAIT,1,2011,95000,ASIA/OCEANIA/MIDDLE EAST
LAOS,1,2011,4000,ASIA/OCEANIA/MIDDLE EAST
LEBANON,1,2011,31000,ASIA/OCEANIA/MIDDLE EAST
MALAYSIA,1,2011,535113,ASIA/OCEANIA/MIDDLE EAST
MONGOLIA,1,2011,3000,ASIA/OCEANIA/MIDDLE EAST
MYANMAR,1,2011,1800,ASIA/OCEANIA/MIDDLE EAST
NEPAL,1,2011,3000,ASIA/OCEANIA/MIDDLE EAST
NEW CALEDONIA,1,2011,7525,ASIA/OCEANIA/MIDDLE EAST
NEW ZEALAND,1,2011,63471,ASIA/OCEANIA/MIDDLE EAST
OMAN,1,2011,115000,ASIA/OCEANIA/MIDDLE EAST
PAKISTAN,1,2011,140184,ASIA/OCEANIA/MIDDLE EAST
PALESTINE,1,2011,19700,ASIA/OCEANIA/MIDDLE EAST
PHILIPPINES,1,2011,57768,ASIA/OCEANIA/MIDDLE EAST
QATAR,1,2011,45000,ASIA/OCEANIA/MIDDLE EAST
SAUDI ARABIA,1,2011,460000,ASIA/OCEANIA/MIDDLE EAST
SINGAPORE,1,2011,33493,ASIA/OCEANIA/MIDDLE EAST
SOUTH KOREA,1,2011,1293501,ASIA/OCEANIA/MIDDLE EAST
SRI LANKA,1,2011,7000,ASIA/OCEANIA/MIDDLE EAST
SYRIA,1,2011,33160,ASIA/OCEANIA/MIDDLE EAST
TADJIKISTAN,1,2011,7500,ASIA/OCEANIA/MIDDLE EAST
TAHITI,1,2011,4000,ASIA/OCEANIA/MIDDLE EAST
TAIWAN,1,2011,235205,ASIA/OCEANIA/MIDDLE EAST
THAILAND,1,2011,360441,ASIA/OCEANIA/MIDDLE EAST
TUKMENISTAN,1,2011,5000,ASIA/OCEANIA/MIDDLE EAST
UNITED ARAB EMIRATES,1,2011,193268,ASIA/OCEANIA/MIDDLE EAST
UZBEKISTAN,1,2011,48000,ASIA/OCEANIA/MIDDLE EAST
VIETNAM,1,2011,64564,ASIA/OCEANIA/MIDDLE EAST
YEMEN,1,2011,2000,ASIA/OCEANIA/MIDDLE EAST
ALGERIA,1,2011,165415,AFRICA
ANGOLA,1,2011,10000,AFRICA
BOTSWANA,1,2011,25204,AFRICA
BURKINA,1,2011,500,AFRICA
BURUNDI,1,2011,200,AFRICA
CAMEROON,1,2011,1400,AFRICA
CONGO,1,2011,1500,AFRICA
EGYPT,1,2011,210300,AFRICA
GABON,1,2011,2000,AFRICA
GHANA,1,2011,6000,AFRICA
IVORY COAST,1,2011,3500,AFRICA
KENYA,1,2011,4000,AFRICA
LIBERIA,1,2011,200,AFRICA
LIBYA,1,2011,39000,AFRICA
MADAGASCAR,1,2011,1100,AFRICA
MALAWI,1,2011,1500,AFRICA
MAURITIUS,1,2011,3000,AFRICA
MOROCCO,1,2011,99727,AFRICA
NIGERIA,1,2011,30000,AFRICA
REUNION,1,2011,21111,AFRICA
SENEGAL,1,2011,3500,AFRICA
SOUTH AFRICA,1,2011,396292,AFRICA
SUDAN,1,2011,2000,AFRICA
TANZANIA,1,2011,3000,AFRICA
TUNISIA,1,2011,35000,AFRICA
UGANDA,1,2011,3000,AFRICA
ZAMBIA,1,2011,2000,AFRICA
ZIMBABWE,1,2011,3000,AFRICA
ALGERIA,1,2012,188990,AFRICA
ANGOLA,1,2012,17000,AFRICA
BOTSWANA,1,2012,31471,AFRICA
BURKINA,1,2012,500,AFRICA
BURUNDI,1,2012,210,AFRICA
CAMEROON,1,2012,1900,AFRICA
CONGO,1,2012,1500,AFRICA
EGYPT,1,2012,222700,AFRICA
GABON,1,2012,3500,AFRICA
GHANA,1,2012,6500,AFRICA
IVORY COAST,1,2012,5000,AFRICA
KENYA,1,2012,2000,AFRICA
LIBERIA,1,2012,210,AFRICA
LIBYA,1,2012,20000,AFRICA
MADAGASCAR,1,2012,1200,AFRICA
MALAWI,1,2012,1000,AFRICA
MAURITIUS,1,2012,7000,AFRICA
MOROCCO,1,2012,117818,AFRICA
NIGERIA,1,2012,40000,AFRICA
REUNION,1,2012,19795,AFRICA
SENEGAL,1,2012,4000,AFRICA
SOUTH AFRICA,1,2012,440002,AFRICA
SUDAN,1,2012,2000,AFRICA
TANZANIA,1,2012,3000,AFRICA
TUNISIA,1,2012,37000,AFRICA
UGANDA,1,2012,3000,AFRICA
ZAMBIA,1,2012,2000,AFRICA
ZIMBABWE,1,2012,3000,AFRICA
ALGERIA,1,2013,222710,AFRICA
ANGOLA,1,2013,20000,AFRICA
BOTSWANA,1,2013,31122,AFRICA
BURKINA,1,2013,700,AFRICA
BURUNDI,1,2013,210,AFRICA
CAMEROON,1,2013,2400,AFRICA
CONGO,1,2013,1500,AFRICA
EGYPT,1,2013,220000,AFRICA
GABON,1,2013,3000,AFRICA
GHANA,1,2013,6600,AFRICA
IVORY COAST,1,2013,4000,AFRICA
KENYA,1,2013,2500,AFRICA
LIBERIA,1,2013,210,AFRICA
LIBYA,1,2013,30000,AFRICA
MADAGASCAR,1,2013,1200,AFRICA
MALAWI,1,2013,1000,AFRICA
MAURITIUS,1,2013,7500,AFRICA
MOROCCO,1,2013,108177,AFRICA
NIGERIA,1,2013,40000,AFRICA
REUNION,1,2013,19465,AFRICA
SENEGAL,1,2013,4000,AFRICA
SOUTH AFRICA,1,2013,450561,AFRICA
SUDAN,1,2013,1500,AFRICA
TANZANIA,1,2013,3500,AFRICA
TUNISIA,1,2013,35000,AFRICA
UGANDA,1,2013,3000,AFRICA
ZAMBIA,1,2013,2000,AFRICA
ZIMBABWE,1,2013,3000,AFRICA
ALGERIA,1,2014,178200,AFRICA
ANGOLA,1,2014,24000,AFRICA
BOTSWANA,1,2014,26500,AFRICA
BURKINA,1,2014,700,AFRICA
BURUNDI,1,2014,200,AFRICA
CAMEROON,1,2014,2300,AFRICA
CONGO,1,2014,1500,AFRICA
EGYPT,1,2014,273500,AFRICA
GABON,1,2014,2900,AFRICA
GHANA,1,2014,6900,AFRICA
IVORY COAST,1,2014,4300,AFRICA
KENYA,1,2014,3000,AFRICA
LIBERIA,1,2014,200,AFRICA
LIBYA,1,2014,30000,AFRICA
MADAGASCAR,1,2014,1600,AFRICA
MALAWI,1,2014,1100,AFRICA
MAURITIUS,1,2014,8600,AFRICA
MOROCCO,1,2014,109649,AFRICA
NIGERIA,1,2014,42000,AFRICA
REUNION,1,2014,20605,AFRICA
SENEGAL,1,2014,4500,AFRICA
SOUTH AFRICA,1,2014,439264,AFRICA
SUDAN,1,2014,1800,AFRICA
TANZANIA,1,2014,1000,AFRICA
TUNISIA,1,2014,37100,AFRICA
UGANDA,1,2014,3000,AFRICA
ZAMBIA,1,2014,2000,AFRICA
ZIMBABWE,1,2014,4100,AFRICA
AUSTRALIA,1,2012,576855,ASIA/OCEANIA/MIDDLE EAST
AZERBAIDJAN,1,2012,14000,ASIA/OCEANIA/MIDDLE EAST
BAHRAIN,1,2012,40000,ASIA/OCEANIA/MIDDLE EAST
BANGLADESH,1,2012,24600,ASIA/OCEANIA/MIDDLE EAST
BRUNEI,1,2012,15000,ASIA/OCEANIA/MIDDLE EAST
CAMBODGE,1,2012,2000,ASIA/OCEANIA/MIDDLE EAST
CHINA,1,2012,15495240,ASIA/OCEANIA/MIDDLE EAST
HONG-KONG,1,2012,45283,ASIA/OCEANIA/MIDDLE EAST
INDIA,1,2012,2781919,ASIA/OCEANIA/MIDDLE EAST
INDONESIA,1,2012,780785,ASIA/OCEANIA/MIDDLE EAST
IRAK,1,2012,80000,ASIA/OCEANIA/MIDDLE EAST
IRAN,1,2012,901268,ASIA/OCEANIA/MIDDLE EAST
ISRAEL,1,2012,190000,ASIA/OCEANIA/MIDDLE EAST
JAPAN,1,2012,4572333,ASIA/OCEANIA/MIDDLE EAST
JORDAN,1,2012,11500,ASIA/OCEANIA/MIDDLE EAST
KAZAKSTAN,1,2012,86959,ASIA/OCEANIA/MIDDLE EAST
KIRGHIZISTAN,1,2012,4000,ASIA/OCEANIA/MIDDLE EAST
KUWAIT,1,2012,116500,ASIA/OCEANIA/MIDDLE EAST
LAOS,1,2012,5000,ASIA/OCEANIA/MIDDLE EAST
LEBANON,1,2012,35500,ASIA/OCEANIA/MIDDLE EAST
MALAYSIA,1,2012,552189,ASIA/OCEANIA/MIDDLE EAST
MONGOLIA,1,2012,2000,ASIA/OCEANIA/MIDDLE EAST
MYANMAR,1,2012,2100,ASIA/OCEANIA/MIDDLE EAST
NEPAL,1,2012,3600,ASIA/OCEANIA/MIDDLE EAST
NEW CALEDONIA,1,2012,7250,ASIA/OCEANIA/MIDDLE EAST
NEW ZEALAND,1,2012,76871,ASIA/OCEANIA/MIDDLE EAST
OMAN,1,2012,130000,ASIA/OCEANIA/MIDDLE EAST
PAKISTAN,1,2012,136026,ASIA/OCEANIA/MIDDLE EAST
PALESTINE,1,2012,21600,ASIA/OCEANIA/MIDDLE EAST
PHILIPPINES,1,2012,64165,ASIA/OCEANIA/MIDDLE EAST
QATAR,1,2012,60000,ASIA/OCEANIA/MIDDLE EAST
SAUDI ARABIA,1,2012,540000,ASIA/OCEANIA/MIDDLE EAST
SINGAPORE,1,2012,32724,ASIA/OCEANIA/MIDDLE EAST
SOUTH KOREA,1,2012,1256403,ASIA/OCEANIA/MIDDLE EAST
SRI LANKA,1,2012,8000,ASIA/OCEANIA/MIDDLE EAST
SYRIA,1,2012,36300,ASIA/OCEANIA/MIDDLE EAST
TADJIKISTAN,1,2012,6000,ASIA/OCEANIA/MIDDLE EAST
TAHITI,1,2012,3000,ASIA/OCEANIA/MIDDLE EAST
TAIWAN,1,2012,211578,ASIA/OCEANIA/MIDDLE EAST
THAILAND,1,2012,660214,ASIA/OCEANIA/MIDDLE EAST
TUKMENISTAN,1,2012,4500,ASIA/OCEANIA/MIDDLE EAST
UNITED ARAB EMIRATES,1,2012,211500,ASIA/OCEANIA/MIDDLE EAST
UZBEKISTAN,1,2012,45000,ASIA/OCEANIA/MIDDLE EAST
VIETNAM,1,2012,44070,ASIA/OCEANIA/MIDDLE EAST
YEMEN,1,2012,2000,ASIA/OCEANIA/MIDDLE EAST
AUSTRALIA,1,2013,566454,ASIA/OCEANIA/MIDDLE EAST
AZERBAIDJAN,1,2013,21000,ASIA/OCEANIA/MIDDLE EAST
BAHRAIN,1,2013,43500,ASIA/OCEANIA/MIDDLE EAST
BANGLADESH,1,2013,24000,ASIA/OCEANIA/MIDDLE EAST
BRUNEI,1,2013,14700,ASIA/OCEANIA/MIDDLE EAST
CAMBODGE,1,2013,2000,ASIA/OCEANIA/MIDDLE EAST
CHINA,1,2013,17927730,ASIA/OCEANIA/MIDDLE EAST
HONG-KONG,1,2013,46147,ASIA/OCEANIA/MIDDLE EAST
INDIA,1,2013,2553979,ASIA/OCEANIA/MIDDLE EAST
INDONESIA,1,2013,880032,ASIA/OCEANIA/MIDDLE EAST
IRAK,1,2013,78200,ASIA/OCEANIA/MIDDLE EAST
IRAN,1,2013,691709,ASIA/OCEANIA/MIDDLE EAST
ISRAEL,1,2013,200000,ASIA/OCEANIA/MIDDLE EAST
JAPAN,1,2013,4562282,ASIA/OCEANIA/MIDDLE EAST
JORDAN,1,2013,14500,ASIA/OCEANIA/MIDDLE EAST
KAZAKSTAN,1,2013,153664,ASIA/OCEANIA/MIDDLE EAST
KIRGHIZISTAN,1,2013,4000,ASIA/OCEANIA/MIDDLE EAST
KUWAIT,1,2013,125000,ASIA/OCEANIA/MIDDLE EAST
LAOS,1,2013,6000,ASIA/OCEANIA/MIDDLE EAST
LEBANON,1,2013,35500,ASIA/OCEANIA/MIDDLE EAST
MALAYSIA,1,2013,576657,ASIA/OCEANIA/MIDDLE EAST
MONGOLIA,1,2013,1500,ASIA/OCEANIA/MIDDLE EAST
MYANMAR,1,2013,2000,ASIA/OCEANIA/MIDDLE EAST
NEPAL,1,2013,3500,ASIA/OCEANIA/MIDDLE EAST
NEW CALEDONIA,1,2013,5934,ASIA/OCEANIA/MIDDLE EAST
NEW ZEALAND,1,2013,82433,ASIA/OCEANIA/MIDDLE EAST
OMAN,1,2013,140000,ASIA/OCEANIA/MIDDLE EAST
PAKISTAN,1,2013,121122,ASIA/OCEANIA/MIDDLE EAST
PALESTINE,1,2013,21100,ASIA/OCEANIA/MIDDLE EAST
PHILIPPINES,1,2013,76822,ASIA/OCEANIA/MIDDLE EAST
QATAR,1,2013,65000,ASIA/OCEANIA/MIDDLE EAST
SAUDI ARABIA,1,2013,570000,ASIA/OCEANIA/MIDDLE EAST
SINGAPORE,1,2013,27955,ASIA/OCEANIA/MIDDLE EAST
SOUTH KOREA,1,2013,1243868,ASIA/OCEANIA/MIDDLE EAST
SRI LANKA,1,2013,10000,ASIA/OCEANIA/MIDDLE EAST
SYRIA,1,2013,35500,ASIA/OCEANIA/MIDDLE EAST
TADJIKISTAN,1,2013,6000,ASIA/OCEANIA/MIDDLE EAST
TAHITI,1,2013,2500,ASIA/OCEANIA/MIDDLE EAST
TAIWAN,1,2013,211824,ASIA/OCEANIA/MIDDLE EAST
THAILAND,1,2013,663746,ASIA/OCEANIA/MIDDLE EAST
TUKMENISTAN,1,2013,4500,ASIA/OCEANIA/MIDDLE EAST
UNITED ARAB EMIRATES,1,2013,206700,ASIA/OCEANIA/MIDDLE EAST
UZBEKISTAN,1,2013,45500,ASIA/OCEANIA/MIDDLE EAST
VIETNAM,1,2013,59857,ASIA/OCEANIA/MIDDLE EAST
YEMEN,1,2013,2000,ASIA/OCEANIA/MIDDLE EAST
AUSTRALIA,1,2014,531596,ASIA/OCEANIA/MIDDLE EAST
AZERBAIDJAN,1,2014,23300,ASIA/OCEANIA/MIDDLE EAST
BAHRAIN,1,2014,49600,ASIA/OCEANIA/MIDDLE EAST
BANGLADESH,1,2014,29300,ASIA/OCEANIA/MIDDLE EAST
BRUNEI,1,2014,18100,ASIA/OCEANIA/MIDDLE EAST
CAMBODGE,1,2014,2400,ASIA/OCEANIA/MIDDLE EAST
CHINA,1,2014,19700569,ASIA/OCEANIA/MIDDLE EAST
HONG-KONG,1,2014,48500,ASIA/OCEANIA/MIDDLE EAST
INDIA,1,2014,2570531,ASIA/OCEANIA/MIDDLE EAST
INDONESIA,1,2014,879461,ASIA/OCEANIA/MIDDLE EAST
IRAK,1,2014,61000,ASIA/OCEANIA/MIDDLE EAST
IRAN,1,2014,1106700,ASIA/OCEANIA/MIDDLE EAST
ISRAEL,1,2014,228000,ASIA/OCEANIA/MIDDLE EAST
JAPAN,1,2014,4699590,ASIA/OCEANIA/MIDDLE EAST
JORDAN,1,2014,15700,ASIA/OCEANIA/MIDDLE EAST
KAZAKSTAN,1,2014,151424,ASIA/OCEANIA/MIDDLE EAST
KIRGHIZISTAN,1,2014,4000,ASIA/OCEANIA/MIDDLE EAST
KUWAIT,1,2014,126300,ASIA/OCEANIA/MIDDLE EAST
LAOS,1,2014,9800,ASIA/OCEANIA/MIDDLE EAST
LEBANON,1,2014,38300,ASIA/OCEANIA/MIDDLE EAST
MALAYSIA,1,2014,588341,ASIA/OCEANIA/MIDDLE EAST
MONGOLIA,1,2014,1100,ASIA/OCEANIA/MIDDLE EAST
MYANMAR,1,2014,1000,ASIA/OCEANIA/MIDDLE EAST
NEPAL,1,2014,5300,ASIA/OCEANIA/MIDDLE EAST
NEW CALEDONIA,1,2014,5343,ASIA/OCEANIA/MIDDLE EAST
NEW ZEALAND,1,2014,84007,ASIA/OCEANIA/MIDDLE EAST
OMAN,1,2014,138600,ASIA/OCEANIA/MIDDLE EAST
PAKISTAN,1,2014,123950,ASIA/OCEANIA/MIDDLE EAST
PALESTINE,1,2014,21100,ASIA/OCEANIA/MIDDLE EAST
PHILIPPINES,1,2014,108327,ASIA/OCEANIA/MIDDLE EAST
QATAR,1,2014,71500,ASIA/OCEANIA/MIDDLE EAST
SAUDI ARABIA,1,2014,632700,ASIA/OCEANIA/MIDDLE EAST
SINGAPORE,1,2014,28932,ASIA/OCEANIA/MIDDLE EAST
SOUTH KOREA,1,2014,1359834,ASIA/OCEANIA/MIDDLE EAST
SRI LANKA,1,2014,13800,ASIA/OCEANIA/MIDDLE EAST
SYRIA,1,2014,33400,ASIA/OCEANIA/MIDDLE EAST
TADJIKISTAN,1,2014,6100,ASIA/OCEANIA/MIDDLE EAST
TAHITI,1,2014,2500,ASIA/OCEANIA/MIDDLE EAST
TAIWAN,1,2014,235480,ASIA/OCEANIA/MIDDLE EAST
THAILAND,1,2014,411402,ASIA/OCEANIA/MIDDLE EAST
TUKMENISTAN,1,2014,4600,ASIA/OCEANIA/MIDDLE EAST
UNITED ARAB EMIRATES,1,2014,206700,ASIA/OCEANIA/MIDDLE EAST
UZBEKISTAN,1,2014,46000,ASIA/OCEANIA/MIDDLE EAST
VIETNAM,1,2014,79806,ASIA/OCEANIA/MIDDLE EAST
YEMEN,1,2014,2100,ASIA/OCEANIA/MIDDLE EAST
ARGENTINA,1,2012,596397,CENTRAL & SOUTH AMERICA
BAHAMAS,1,2012,2500,CENTRAL & SOUTH AMERICA
BELIZE,1,2012,200,CENTRAL & SOUTH AMERICA
BOLIVIA,1,2012,14000,CENTRAL & SOUTH AMERICA
BRAZIL,1,2012,2851540,CENTRAL & SOUTH AMERICA
CHILE,1,2012,257013,CENTRAL & SOUTH AMERICA
COLOMBIA,1,2012,240000,CENTRAL & SOUTH AMERICA
COSTA RICA,1,2012,30000,CENTRAL & SOUTH AMERICA
CUBA,1,2012,4000,CENTRAL & SOUTH AMERICA
DOMINICAN REPUBLIC,1,2012,15000,CENTRAL & SOUTH AMERICA
ECUADOR,1,2012,80644,CENTRAL & SOUTH AMERICA
EL SALVADOR,1,2012,5000,CENTRAL & SOUTH AMERICA
GUADELOUPE,1,2012,13158,CENTRAL & SOUTH AMERICA
GUATEMALA,1,2012,16000,CENTRAL & SOUTH AMERICA
GUYANA,1,2012,4357,CENTRAL & SOUTH AMERICA
HONDURAS,1,2012,1000,CENTRAL & SOUTH AMERICA
JAMAICA,1,2012,2000,CENTRAL & SOUTH AMERICA
MARTINIQUE,1,2012,11527,CENTRAL & SOUTH AMERICA
NICARAGUA,1,2012,3000,CENTRAL & SOUTH AMERICA
PANAMA,1,2012,40000,CENTRAL & SOUTH AMERICA
PARAGUAY,1,2012,20000,CENTRAL & SOUTH AMERICA
PERU,1,2012,128295,CENTRAL & SOUTH AMERICA
PUERTO RICO,1,2012,55000,CENTRAL & SOUTH AMERICA
TRINIDAD,1,2012,8000,CENTRAL & SOUTH AMERICA
URUGUAY,1,2012,38109,CENTRAL & SOUTH AMERICA
VENEZUELA,1,2012,60776,CENTRAL & SOUTH AMERICA
ARGENTINA,1,2013,684379,CENTRAL & SOUTH AMERICA
BAHAMAS,1,2013,2000,CENTRAL & SOUTH AMERICA
BELIZE,1,2013,200,CENTRAL & SOUTH AMERICA
BOLIVIA,1,2013,13900,CENTRAL & SOUTH AMERICA
BRAZIL,1,2013,2763718,CENTRAL & SOUTH AMERICA
CHILE,1,2013,286588,CENTRAL & SOUTH AMERICA
COLOMBIA,1,2013,238800,CENTRAL & SOUTH AMERICA
COSTA RICA,1,2013,29800,CENTRAL & SOUTH AMERICA
CUBA,1,2013,4000,CENTRAL & SOUTH AMERICA
DOMINICAN REPUBLIC,1,2013,14900,CENTRAL & SOUTH AMERICA
ECUADOR,1,2013,74169,CENTRAL & SOUTH AMERICA
EL SALVADOR,1,2013,5000,CENTRAL & SOUTH AMERICA
GUADELOUPE,1,2013,12427,CENTRAL & SOUTH AMERICA
GUATEMALA,1,2013,15900,CENTRAL & SOUTH AMERICA
GUYANA,1,2013,4256,CENTRAL & SOUTH AMERICA
HONDURAS,1,2013,1000,CENTRAL & SOUTH AMERICA
JAMAICA,1,2013,2000,CENTRAL & SOUTH AMERICA
MARTINIQUE,1,2013,11091,CENTRAL & SOUTH AMERICA
NICARAGUA,1,2013,4000,CENTRAL & SOUTH AMERICA
PANAMA,1,2013,39800,CENTRAL & SOUTH AMERICA
PARAGUAY,1,2013,19900,CENTRAL & SOUTH AMERICA
PERU,1,2013,139453,CENTRAL & SOUTH AMERICA
PUERTO RICO,1,2013,54700,CENTRAL & SOUTH AMERICA
TRINIDAD,1,2013,8000,CENTRAL & SOUTH AMERICA
URUGUAY,1,2013,41785,CENTRAL & SOUTH AMERICA
VENEZUELA,1,2013,43887,CENTRAL & SOUTH AMERICA
ARGENTINA,1,2014,432696,CENTRAL & SOUTH AMERICA
BAHAMAS,1,2014,1600,CENTRAL & SOUTH AMERICA
BELIZE,1,2014,200,CENTRAL & SOUTH AMERICA
BOLIVIA,1,2014,18500,CENTRAL & SOUTH AMERICA
BRAZIL,1,2014,2504161,CENTRAL & SOUTH AMERICA
CHILE,1,2014,256160,CENTRAL & SOUTH AMERICA
COLOMBIA,1,2014,265100,CENTRAL & SOUTH AMERICA
COSTA RICA,1,2014,35200,CENTRAL & SOUTH AMERICA
CUBA,1,2014,4000,CENTRAL & SOUTH AMERICA
DOMINICAN REPUBLIC,1,2014,17400,CENTRAL & SOUTH AMERICA
ECUADOR,1,2014,78495,CENTRAL & SOUTH AMERICA
EL SALVADOR,1,2014,5000,CENTRAL & SOUTH AMERICA
GUADELOUPE,1,2014,12599,CENTRAL & SOUTH AMERICA
GUATEMALA,1,2014,17300,CENTRAL & SOUTH AMERICA
GUYANA,1,2014,4248,CENTRAL & SOUTH AMERICA
HONDURAS,1,2014,1300,CENTRAL & SOUTH AMERICA
JAMAICA,1,2014,2300,CENTRAL & SOUTH AMERICA
MARTINIQUE,1,2014,11325,CENTRAL & SOUTH AMERICA
NICARAGUA,1,2014,5200,CENTRAL & SOUTH AMERICA
PANAMA,1,2014,43000,CENTRAL & SOUTH AMERICA
PARAGUAY,1,2014,21500,CENTRAL & SOUTH AMERICA
PERU,1,2014,138226,CENTRAL & SOUTH AMERICA
PUERTO RICO,1,2014,58500,CENTRAL & SOUTH AMERICA
TRINIDAD,1,2014,6300,CENTRAL & SOUTH AMERICA
URUGUAY,1,2014,40171,CENTRAL & SOUTH AMERICA
VENEZUELA,1,2014,10430,CENTRAL & SOUTH AMERICA
AUSTRIA,1,2012,336010,EUROPE
BELGIUM,1,2012,486737,EUROPE
DENMARK,1,2012,170763,EUROPE
FINLAND,1,2012,111251,EUROPE
FRANCE,1,2012,1898760,EUROPE
GERMANY,1,2012,3082504,EUROPE
GREECE,1,2012,58482,EUROPE
ICELAND,1,2012,7902,EUROPE
IRELAND,1,2012,79498,EUROPE
ITALY,1,2012,1403010,EUROPE
LUXEMBOURG,1,2012,50398,EUROPE
NETHERLANDS,1,2012,502544,EUROPE
NORWAY,1,2012,137967,EUROPE
PORTUGAL,1,2012,95309,EUROPE
SPAIN,1,2012,699589,EUROPE
SWEDEN,1,2012,279899,EUROPE
SWITZERLAND (+FL),1,2012,328139,EUROPE
UNITED KINGDOM,1,2012,2044609,EUROPE
AUSTRIA,1,2013,319035,EUROPE
BELGIUM,1,2013,486065,EUROPE
DENMARK,1,2013,182086,EUROPE
FINLAND,1,2013,103455,EUROPE
FRANCE,1,2013,1790456,EUROPE
GERMANY,1,2013,2952431,EUROPE
GREECE,1,2013,58694,EUROPE
ICELAND,1,2013,7274,EUROPE
IRELAND,1,2013,74367,EUROPE
ITALY,1,2013,1304648,EUROPE
LUXEMBOURG,1,2013,46624,EUROPE
NETHERLANDS,1,2013,416717,EUROPE
NORWAY,1,2013,142151,EUROPE
PORTUGAL,1,2013,105921,EUROPE
SPAIN,1,2013,722689,EUROPE
SWEDEN,1,2013,269599,EUROPE
SWITZERLAND (+FL),1,2013,307885,EUROPE
UNITED KINGDOM,1,2013,2264737,EUROPE
AUSTRIA,1,2014,303318,EUROPE
BELGIUM,1,2014,482939,EUROPE
DENMARK,1,2014,189051,EUROPE
FINLAND,1,2014,106236,EUROPE
FRANCE,1,2014,1795885,EUROPE
GERMANY,1,2014,3036773,EUROPE
GREECE,1,2014,71218,EUROPE
ICELAND,1,2014,9536,EUROPE
IRELAND,1,2014,96344,EUROPE
ITALY,1,2014,1360293,EUROPE
LUXEMBOURG,1,2014,49793,EUROPE
NETHERLANDS,1,2014,387835,EUROPE
NORWAY,1,2014,144202,EUROPE
PORTUGAL,1,2014,142826,EUROPE
SPAIN,1,2014,855308,EUROPE
SWEDEN,1,2014,303948,EUROPE
SWITZERLAND (+FL),1,2014,301942,EUROPE
UNITED KINGDOM,1,2014,2476435,EUROPE
BULGARIA*,1,2012,19419,EUROPE NEW MEMBERS
CROATIA,1,2012,31360,EUROPE NEW MEMBERS
CYPRUS,1,2012,10123,EUROPE NEW MEMBERS
CZECH REPUBLIC,1,2012,174009,EUROPE NEW MEMBERS
ESTONIA,1,2012,19424,EUROPE NEW MEMBERS
HUNGARY,1,2012,53059,EUROPE NEW MEMBERS
LATVIA,1,2012,10665,EUROPE NEW MEMBERS
LITHUANIA,1,2012,12165,EUROPE NEW MEMBERS
MALTA,1,2012,5884,EUROPE NEW MEMBERS
POLAND,1,2012,272719,EUROPE NEW MEMBERS
ROMANIA,1,2012,66436,EUROPE NEW MEMBERS
SLOVAKIA,1,2012,69268,EUROPE NEW MEMBERS
SLOVENIA,1,2012,50091,EUROPE NEW MEMBERS
BULGARIA*,1,2013,19352,EUROPE NEW MEMBERS
CROATIA,1,2013,27802,EUROPE NEW MEMBERS
CYPRUS,1,2013,7000,EUROPE NEW MEMBERS
CZECH REPUBLIC,1,2013,164736,EUROPE NEW MEMBERS
ESTONIA,1,2013,19694,EUROPE NEW MEMBERS
HUNGARY,1,2013,56139,EUROPE NEW MEMBERS
LATVIA,1,2013,10636,EUROPE NEW MEMBERS
LITHUANIA,1,2013,12163,EUROPE NEW MEMBERS
MALTA,1,2013,5749,EUROPE NEW MEMBERS
POLAND,1,2013,289913,EUROPE NEW MEMBERS
ROMANIA,1,2013,57710,EUROPE NEW MEMBERS
SLOVAKIA,1,2013,66000,EUROPE NEW MEMBERS
SLOVENIA,1,2013,52268,EUROPE NEW MEMBERS
BULGARIA*,1,2014,20359,EUROPE NEW MEMBERS
CROATIA,1,2014,33997,EUROPE NEW MEMBERS
CYPRUS,1,2014,7794,EUROPE NEW MEMBERS
CZECH REPUBLIC,1,2014,192314,EUROPE NEW MEMBERS
ESTONIA,1,2014,20861,EUROPE NEW MEMBERS
HUNGARY,1,2014,67476,EUROPE NEW MEMBERS
LATVIA,1,2014,12452,EUROPE NEW MEMBERS
LITHUANIA,1,2014,14503,EUROPE NEW MEMBERS
MALTA,1,2014,6451,EUROPE NEW MEMBERS
POLAND,1,2014,327709,EUROPE NEW MEMBERS
ROMANIA,1,2014,70172,EUROPE NEW MEMBERS
SLOVAKIA,1,2014,72249,EUROPE NEW MEMBERS
SLOVENIA,1,2014,53296,EUROPE NEW MEMBERS
CANADA,1,2012,748530,NAFTA
MEXICO,1,2012,649333,NAFTA
UNITED STATES OF AMERICA,1,2012,7241900,NAFTA
CANADA,1,2013,755615,NAFTA
MEXICO,1,2013,698217,NAFTA
UNITED STATES OF AMERICA,1,2013,7585341,NAFTA
CANADA,1,2014,755500,NAFTA
MEXICO,1,2014,745250,NAFTA
UNITED STATES OF AMERICA,1,2014,7687619,NAFTA
ALBANIA,1,2012,2300,"RUSSIA, TURKEY & OTHER EUROPE"
ARMENIA,1,2012,5000,"RUSSIA, TURKEY & OTHER EUROPE"
BELARUS,1,2012,20000,"RUSSIA, TURKEY & OTHER EUROPE"
BOSNIA,1,2012,10000,"RUSSIA, TURKEY & OTHER EUROPE"
GEORGIA,1,2012,4000,"RUSSIA, TURKEY & OTHER EUROPE"
MACEDONIA,1,2012,5000,"RUSSIA, TURKEY & OTHER EUROPE"
MOLDAVIA,1,2012,5000,"RUSSIA, TURKEY & OTHER EUROPE"
RUSSIA,1,2012,2755384,"RUSSIA, TURKEY & OTHER EUROPE"
SERBIA,1,2012,22800,"RUSSIA, TURKEY & OTHER EUROPE"
TURKEY,1,2012,556280,"RUSSIA, TURKEY & OTHER EUROPE"
UKRAINE,1,2012,237602,"RUSSIA, TURKEY & OTHER EUROPE"
ALBANIA,1,2013,2300,"RUSSIA, TURKEY & OTHER EUROPE"
ARMENIA,1,2013,5000,"RUSSIA, TURKEY & OTHER EUROPE"
BELARUS,1,2013,19600,"RUSSIA, TURKEY & OTHER EUROPE"
BOSNIA,1,2013,9800,"RUSSIA, TURKEY & OTHER EUROPE"
GEORGIA,1,2013,4000,"RUSSIA, TURKEY & OTHER EUROPE"
MACEDONIA,1,2013,2000,"RUSSIA, TURKEY & OTHER EUROPE"
MOLDAVIA,1,2013,5000,"RUSSIA, TURKEY & OTHER EUROPE"
RUSSIA,1,2013,2649181,"RUSSIA, TURKEY & OTHER EUROPE"
SERBIA,1,2013,23000,"RUSSIA, TURKEY & OTHER EUROPE"
TURKEY,1,2013,664655,"RUSSIA, TURKEY & OTHER EUROPE"
UKRAINE,1,2013,213322,"RUSSIA, TURKEY & OTHER EUROPE"
ALBANIA,1,2014,2500,"RUSSIA, TURKEY & OTHER EUROPE"
ARMENIA,1,2014,5200,"RUSSIA, TURKEY & OTHER EUROPE"
BELARUS,1,2014,22300,"RUSSIA, TURKEY & OTHER EUROPE"
BOSNIA,1,2014,8900,"RUSSIA, TURKEY & OTHER EUROPE"
GEORGIA,1,2014,4300,"RUSSIA, TURKEY & OTHER EUROPE"
MACEDONIA,1,2014,2700,"RUSSIA, TURKEY & OTHER EUROPE"
MOLDAVIA,1,2014,5600,"RUSSIA, TURKEY & OTHER EUROPE"
RUSSIA,1,2014,2286877,"RUSSIA, TURKEY & OTHER EUROPE"
SERBIA,1,2014,23900,"RUSSIA, TURKEY & OTHER EUROPE"
TURKEY,1,2014,587331,"RUSSIA, TURKEY & OTHER EUROPE"
UKRAINE,1,2014,97020,"RUSSIA, TURKEY & OTHER EUROPE"
